timestamp,city,pm25,pm10,no2,co,o3,temperature,wind_speed,humidity,aqi
2026-04-03 18:34:30.375254,delhi,53.3,162.1,16.4,336.0,84.0,23.9,3.0,78,141
2026-04-03 18:34:31.597362,mumbai,31.9,112.7,9.3,472.0,61.0,27.7,8.6,81,108
2026-04-03 18:34:32.862679,hyderabad,27.1,37.6,25.4,395.0,59.0,28.1,6.6,70,59
2026-04-03 18:34:34.094672,bangalore,29.0,34.0,48.5,636.0,26.0,24.4,7.3,86,60
2026-04-03 18:34:35.294783,kolkata,24.4,26.1,10.5,357.0,67.0,27.1,3.3,98,67
2026-04-03 18:34:36.471622,chennai,16.1,21.1,5.6,238.0,91.0,28.2,6.4,89,91
2026-04-03 19:02:06.054487,delhi,53.3,162.1,16.4,336.0,84.0,23.5,3.4,78,141
2026-04-03 19:02:06.815223,mumbai,31.9,112.7,9.3,472.0,61.0,27.7,8.6,81,108
2026-04-03 19:02:07.575341,hyderabad,27.1,37.6,25.4,395.0,59.0,27.8,7.1,70,59
2026-04-03 19:02:08.348871,bangalore,29.0,34.0,48.5,636.0,26.0,24.3,6.1,86,60
2026-04-03 19:02:09.107636,kolkata,24.4,26.1,10.5,357.0,67.0,27.0,5.3,98,67
2026-04-03 19:02:09.868847,chennai,16.1,21.1,5.6,238.0,91.0,28.1,6.2,89,91
2026-04-03 19:44:39.075509,delhi,53.3,162.1,16.4,336.0,84.0,23.3,1.8,78,141
2026-04-03 19:44:39.831994,mumbai,31.9,112.7,9.3,472.0,61.0,27.7,8.7,81,108
2026-04-03 19:44:40.589328,hyderabad,27.1,37.6,25.4,395.0,59.0,27.5,8.2,70,59
2026-04-03 19:44:41.346207,bangalore,29.0,34.0,48.5,636.0,26.0,24.1,5.2,86,60
2026-04-03 19:44:42.102053,kolkata,24.4,26.1,10.5,357.0,67.0,26.9,5.1,98,67
2026-04-03 19:44:42.859407,chennai,16.1,21.1,5.6,238.0,91.0,28.0,6.5,89,91
2026-04-03 20:42:56.939602,delhi,53.3,162.1,16.4,336.0,84.0,23.1,1.3,78,141
2026-04-03 20:42:58.114594,mumbai,31.9,112.7,9.3,472.0,61.0,27.7,8.4,81,108
2026-04-03 20:42:59.265225,hyderabad,27.1,37.6,25.4,395.0,59.0,26.8,1.6,70,59
2026-04-03 20:43:00.476072,bangalore,29.0,34.0,48.5,636.0,26.0,23.2,7.1,86,60
2026-04-03 20:43:01.646339,kolkata,24.4,26.1,10.5,357.0,67.0,26.8,6.8,98,67
2026-04-03 20:43:02.842724,chennai,16.1,21.1,5.6,238.0,91.0,27.8,6.7,89,91
2026-04-03 21:39:20.525825,delhi,53.3,162.1,16.4,336.0,84.0,22.4,3.5,78,141
2026-04-03 21:39:21.454804,mumbai,31.9,112.7,9.3,472.0,61.0,27.6,7.2,81,108
2026-04-03 21:39:22.377208,hyderabad,27.1,37.6,25.4,395.0,59.0,25.8,9.8,70,59
2026-04-03 21:39:23.289346,bangalore,29.0,34.0,48.5,636.0,26.0,21.9,7.2,86,60
2026-04-03 21:39:24.182746,kolkata,24.4,26.1,10.5,357.0,67.0,26.8,6.9,98,67
2026-04-03 21:39:25.094847,chennai,16.1,21.1,5.6,238.0,91.0,27.5,5.7,89,91
2026-04-03 22:39:37.490780,delhi,36.8,85.4,10.5,336.0,98.0,20.9,1.3,78,98
2026-04-03 22:39:38.249074,mumbai,32.8,106.4,11.6,472.0,56.0,27.5,4.3,81,104
2026-04-03 22:39:39.005343,hyderabad,43.8,51.5,35.9,395.0,51.0,24.9,6.3,70,73
2026-04-03 22:39:39.766226,bangalore,22.6,30.0,34.6,636.0,36.0,22.0,6.2,86,43
2026-04-03 22:39:40.524882,kolkata,19.6,21.5,10.3,357.0,69.0,26.6,5.4,98,69
2026-04-03 22:39:41.295984,chennai,16.0,21.2,5.1,238.0,87.0,27.4,4.1,89,87
2026-04-03 23:39:48.213308,delhi,36.8,85.4,10.5,336.0,98.0,20.7,2.2,78,98
2026-04-03 23:39:48.983490,mumbai,32.8,106.4,11.6,472.0,56.0,27.2,4.7,81,104
2026-04-03 23:39:49.741111,hyderabad,43.8,51.5,35.9,395.0,51.0,24.5,2.7,70,73
2026-04-03 23:39:50.499422,bangalore,22.6,30.0,34.6,636.0,36.0,21.8,4.3,86,43
2026-04-03 23:39:51.256217,kolkata,19.6,21.5,10.3,357.0,69.0,26.5,4.8,98,69
2026-04-03 23:39:52.012077,chennai,16.0,21.2,5.1,238.0,87.0,27.1,3.6,89,87
2026-04-04 11:33:53.801971,delhi,56.3,199.8,15.8,316.0,76.0,27.6,2.7,70,166
2026-04-04 11:33:55.022670,mumbai,27.0,85.4,8.2,166.0,54.0,27.7,14.2,84,85
2026-04-04 11:33:56.274348,hyderabad,39.8,41.6,14.1,381.0,104.0,34.8,12.0,65,105
2026-04-04 11:33:57.533389,bangalore,22.0,26.3,16.8,349.0,64.0,29.4,7.4,82,64
2026-04-04 11:33:58.768610,kolkata,13.9,14.4,11.5,288.0,70.0,33.3,4.7,99,70
2026-04-04 11:34:00.055734,chennai,14.5,20.0,4.1,173.0,77.0,32.1,10.5,89,77
2026-04-04 13:06:44.751582,delhi,56.3,199.8,15.8,316.0,76.0,25.2,5.8,70,166
2026-04-04 13:06:45.534598,mumbai,27.0,85.4,8.2,166.0,54.0,27.5,14.2,84,85
2026-04-04 13:06:46.311844,hyderabad,39.8,41.6,14.1,381.0,104.0,28.8,17.4,65,105
2026-04-04 13:06:47.084369,bangalore,22.0,26.3,16.8,349.0,64.0,27.8,7.0,82,64
2026-04-04 13:06:47.864752,kolkata,13.9,14.4,11.5,288.0,70.0,31.4,4.7,99,70
2026-04-04 13:06:48.649959,chennai,14.5,20.0,4.1,173.0,77.0,30.2,9.1,89,77
2026-04-04 14:38:27.468269,delhi,56.3,199.8,15.8,316.0,76.0,23.0,3.3,70,166
2026-04-04 14:38:28.570617,mumbai,27.0,85.4,8.2,166.0,54.0,27.4,12.5,84,85
2026-04-04 14:38:29.363457,hyderabad,39.8,41.6,14.1,381.0,104.0,27.8,6.3,65,105
2026-04-04 14:38:30.153067,bangalore,22.0,26.3,16.8,349.0,64.0,26.4,5.8,82,64
2026-04-04 14:38:30.937318,kolkata,13.9,14.4,11.5,288.0,70.0,29.5,8.5,99,70
2026-04-04 14:38:31.725985,chennai,14.5,20.0,4.1,173.0,77.0,29.4,7.2,89,77
2026-04-04 15:37:43.977618,delhi,56.3,199.8,15.8,404.0,76.0,21.5,6.6,70,166
2026-04-04 15:37:44.756418,mumbai,27.0,85.4,8.2,234.0,54.0,27.5,11.3,84,85
2026-04-04 15:37:45.537687,hyderabad,39.8,41.6,14.1,839.0,104.0,27.4,4.0,65,105
2026-04-04 15:37:46.317786,bangalore,22.0,26.3,16.8,365.0,64.0,25.2,6.0,82,64
2026-04-04 15:37:47.097980,kolkata,13.9,14.4,11.5,260.0,70.0,28.5,8.8,99,70
2026-04-04 15:37:47.876321,chennai,14.5,20.0,4.1,200.0,77.0,29.1,6.6,89,77
2026-04-04 16:42:24.782402,delhi,56.3,199.8,15.8,404.0,76.0,19.6,5.4,67,166
2026-04-04 16:42:25.565049,mumbai,27.0,85.4,8.2,234.0,54.0,27.8,10.2,77,85
2026-04-04 16:42:26.339351,hyderabad,39.8,41.6,14.1,839.0,104.0,26.8,3.8,68,105
2026-04-04 16:42:27.117926,bangalore,22.0,26.3,16.8,365.0,64.0,24.9,4.6,83,64
2026-04-04 16:42:27.896303,kolkata,13.9,14.4,11.5,260.0,70.0,28.5,8.0,98,70
2026-04-04 16:42:28.671230,chennai,14.5,20.0,4.1,200.0,77.0,28.9,6.0,91,77
2026-04-04 17:36:39.963735,delhi,56.3,199.8,15.8,404.0,76.0,19.3,3.3,67,166
2026-04-04 17:36:40.727220,mumbai,27.0,85.4,8.2,234.0,54.0,27.7,8.3,77,85
2026-04-04 17:36:41.483593,hyderabad,39.8,41.6,14.1,839.0,104.0,26.2,5.4,68,105
2026-04-04 17:36:42.246644,bangalore,22.0,26.3,16.8,365.0,64.0,24.5,6.1,83,64
2026-04-04 17:36:43.005126,kolkata,13.9,14.4,11.5,260.0,70.0,27.9,8.5,98,70
2026-04-04 17:36:43.761290,chennai,14.5,20.0,4.1,200.0,77.0,28.7,5.6,91,77
2026-04-04 18:51:45.299652,delhi,56.3,199.8,15.8,404.0,76.0,18.9,5.2,67,166
2026-04-04 18:51:46.551285,mumbai,27.0,85.4,8.2,234.0,54.0,27.6,7.0,77,85
2026-04-04 18:51:47.827465,hyderabad,39.8,41.6,14.1,839.0,104.0,25.4,4.3,68,105
2026-04-04 18:51:49.093238,bangalore,22.0,26.3,16.8,365.0,64.0,24.1,6.5,83,64
2026-04-04 18:51:50.372462,kolkata,13.9,14.4,11.5,260.0,70.0,27.5,7.7,98,70
2026-04-04 18:51:51.616038,chennai,14.5,20.0,4.1,200.0,77.0,28.5,5.2,91,77
2026-04-04 19:35:16.966995,delhi,56.3,199.8,15.8,404.0,76.0,18.7,4.7,67,166
2026-04-04 19:35:18.172393,mumbai,27.0,85.4,8.2,234.0,54.0,27.5,5.8,77,85
2026-04-04 19:35:19.360423,hyderabad,39.8,41.6,14.1,839.0,104.0,25.1,1.4,68,105
2026-04-04 19:35:20.565969,bangalore,22.0,26.3,16.8,365.0,64.0,23.7,7.1,83,64
2026-04-04 19:35:21.747897,kolkata,13.9,14.4,11.5,260.0,70.0,27.4,7.3,98,70
2026-04-04 19:35:22.927861,chennai,14.5,20.0,4.1,200.0,77.0,28.4,5.1,91,77
2026-04-04 20:38:49.451741,delhi,56.3,199.8,15.8,404.0,76.0,18.2,5.4,67,166
2026-04-04 20:38:50.462429,mumbai,27.0,85.4,8.2,234.0,54.0,27.4,6.6,77,85
2026-04-04 20:38:51.463479,hyderabad,39.8,41.6,14.1,839.0,104.0,25.1,1.8,68,105
2026-04-04 20:38:52.480368,bangalore,22.0,26.3,16.8,365.0,64.0,23.0,7.1,83,64
2026-04-04 20:38:53.493300,kolkata,13.9,14.4,11.5,260.0,70.0,27.2,5.9,98,70
2026-04-04 20:38:54.499401,chennai,14.5,20.0,4.1,200.0,77.0,28.3,6.3,91,77
2026-04-04 21:37:08.593404,delhi,56.3,199.8,15.8,404.0,76.0,17.6,3.7,67,166
2026-04-04 21:37:09.766101,mumbai,27.0,85.4,8.2,234.0,54.0,27.4,8.8,77,85
2026-04-04 21:37:10.946546,hyderabad,39.8,41.6,14.1,839.0,104.0,25.1,1.8,68,105
2026-04-04 21:37:12.137383,bangalore,22.0,26.3,16.8,365.0,64.0,22.5,4.6,83,64
2026-04-04 21:37:13.327157,kolkata,13.9,14.4,11.5,260.0,70.0,27.1,4.5,98,70
2026-04-04 21:37:14.507915,chennai,14.5,20.0,4.1,200.0,77.0,28.0,7.8,91,77
2026-04-04 22:35:29.672144,delhi,56.3,199.8,15.8,404.0,76.0,19.7,4.0,67,166
2026-04-04 22:35:30.449088,mumbai,27.0,85.4,8.2,234.0,54.0,27.8,8.6,77,85
2026-04-04 22:35:31.223765,hyderabad,39.8,41.6,14.1,839.0,104.0,26.4,3.2,68,105
2026-04-04 22:35:31.994101,bangalore,22.0,26.3,16.8,365.0,64.0,22.0,6.0,83,64
2026-04-04 22:35:32.761631,kolkata,13.9,14.4,11.5,260.0,70.0,26.8,4.8,98,70
2026-04-04 22:35:33.536386,chennai,14.5,20.0,4.1,200.0,77.0,27.9,7.3,91,77
2026-04-04 23:37:10.063289,delhi,49.5,120.6,18.4,404.0,59.0,19.0,1.3,67,113
2026-04-04 23:37:10.841763,mumbai,28.1,82.2,9.6,234.0,56.0,27.7,9.7,77,82
2026-04-04 23:37:11.613803,hyderabad,35.7,37.7,11.7,839.0,94.0,25.9,1.1,68,94
2026-04-04 23:37:12.388422,bangalore,27.8,30.9,18.8,365.0,69.0,21.6,4.4,83,69
2026-04-04 23:37:13.164162,kolkata,17.5,19.0,9.0,260.0,87.0,26.8,4.4,98,87
2026-04-04 23:37:13.948983,chennai,15.7,21.9,3.7,200.0,71.0,27.6,5.7,91,71
2026-04-05 10:40:49.676119,delhi,84.1,348.3,15.6,400.0,65.0,29.8,7.9,58,298
2026-04-05 10:40:50.758321,mumbai,30.4,91.7,14.0,209.0,59.0,27.8,15.8,81,91
2026-04-05 10:40:51.835036,hyderabad,42.4,46.0,11.8,381.0,96.0,35.5,12.0,47,96
2026-04-05 10:40:52.907972,bangalore,32.2,36.2,25.5,446.0,76.0,32.0,9.7,84,76
2026-04-05 10:40:53.990913,kolkata,89.4,92.7,39.7,749.0,11.0,30.4,1.8,78,198
2026-04-05 10:40:55.075967,chennai,15.7,22.4,3.4,161.0,75.0,33.3,10.7,91,75
2026-04-05 11:35:21.474584,delhi,84.1,348.3,15.6,400.0,65.0,29.3,9.4,58,298
2026-04-05 11:35:22.504265,mumbai,30.4,91.7,14.0,209.0,59.0,27.8,16.8,81,91
2026-04-05 11:35:23.486745,hyderabad,42.4,46.0,11.8,381.0,96.0,34.8,12.0,47,96
2026-04-05 11:35:24.467114,bangalore,32.2,36.2,25.5,446.0,76.0,31.6,7.4,84,76
2026-04-05 11:35:25.464315,kolkata,89.4,92.7,39.7,749.0,11.0,29.8,2.8,78,198
2026-04-05 11:35:26.459351,chennai,15.7,22.4,3.4,161.0,75.0,32.3,9.6,91,75
2026-04-05 13:08:58.566749,delhi,84.1,348.3,15.6,400.0,65.0,27.2,8.9,58,298
2026-04-05 13:08:59.348985,mumbai,30.4,91.7,14.0,209.0,59.0,27.7,17.2,81,91
2026-04-05 13:09:00.121935,hyderabad,42.4,46.0,11.8,381.0,96.0,33.5,9.2,47,96
2026-04-05 13:09:00.889478,bangalore,32.2,36.2,25.5,446.0,76.0,30.5,5.4,84,76
2026-04-05 13:09:01.665878,kolkata,89.4,92.7,39.7,749.0,11.0,28.3,3.5,78,198
2026-04-05 13:09:02.443405,chennai,15.7,22.4,3.4,161.0,75.0,30.2,8.5,91,75
2026-04-05 14:39:08.800001,delhi,84.1,348.3,15.6,400.0,65.0,25.3,3.3,58,298
2026-04-05 14:39:09.995090,mumbai,30.4,91.7,14.0,209.0,59.0,27.7,14.0,81,91
2026-04-05 14:39:11.178690,hyderabad,42.4,46.0,11.8,381.0,96.0,31.6,6.4,47,96
2026-04-05 14:39:12.337767,bangalore,32.2,36.2,25.5,446.0,76.0,28.6,4.4,84,76
2026-04-05 14:39:13.531225,kolkata,89.4,92.7,39.7,749.0,11.0,27.5,3.4,78,198
2026-04-05 14:39:14.693141,chennai,15.7,22.4,3.4,161.0,75.0,29.4,7.4,91,75
2026-04-05 15:38:41.564142,delhi,84.1,348.3,15.6,460.0,65.0,24.6,3.1,58,298
2026-04-05 15:38:42.340900,mumbai,30.4,91.7,14.0,444.0,59.0,27.6,11.4,81,91
2026-04-05 15:38:43.136252,hyderabad,42.4,46.0,11.8,529.0,96.0,30.1,10.2,47,96
2026-04-05 15:38:43.932897,bangalore,32.2,36.2,25.5,369.0,76.0,27.7,5.1,84,76
2026-04-05 15:38:44.716199,kolkata,89.4,92.7,39.7,601.0,11.0,27.2,3.7,78,198
2026-04-05 15:38:45.519498,chennai,15.7,22.4,3.4,180.0,75.0,29.2,6.2,91,75
2026-04-05 16:42:27.589343,delhi,84.1,348.3,15.6,460.0,65.0,23.2,4.3,53,298
2026-04-05 16:42:28.351694,mumbai,30.4,91.7,14.0,444.0,59.0,27.9,10.0,80,91
2026-04-05 16:42:29.111366,hyderabad,42.4,46.0,11.8,529.0,96.0,29.3,8.5,45,96
2026-04-05 16:42:29.870472,bangalore,32.2,36.2,25.5,369.0,76.0,26.6,3.2,77,76
2026-04-05 16:42:30.630187,kolkata,89.4,92.7,39.7,601.0,11.0,25.4,4.4,86,198
2026-04-05 16:42:31.390186,chennai,15.7,22.4,3.4,180.0,75.0,29.3,6.3,90,75
2026-04-05 17:37:54.545923,delhi,84.1,348.3,15.6,460.0,65.0,23.1,2.6,53,298
2026-04-05 17:37:55.305162,mumbai,30.4,91.7,14.0,444.0,59.0,27.8,8.4,80,91
2026-04-05 17:37:56.062800,hyderabad,42.4,46.0,11.8,529.0,96.0,28.5,6.2,45,96
2026-04-05 17:37:56.833757,bangalore,32.2,36.2,25.5,369.0,76.0,25.6,4.7,77,76
2026-04-05 17:37:57.591901,kolkata,89.4,92.7,39.7,601.0,11.0,25.2,4.3,86,198
2026-04-05 17:37:58.350243,chennai,15.7,22.4,3.4,180.0,75.0,29.1,6.0,90,75
2026-04-05 18:53:15.191329,delhi,84.1,348.3,15.6,460.0,65.0,22.2,2.9,53,298
2026-04-05 18:53:16.077013,mumbai,30.4,91.7,14.0,444.0,59.0,27.7,7.6,80,91
2026-04-05 18:53:16.979933,hyderabad,42.4,46.0,11.8,529.0,96.0,27.5,6.4,45,96
2026-04-05 18:53:17.879657,bangalore,32.2,36.2,25.5,369.0,76.0,24.7,5.5,77,76
2026-04-05 18:53:18.778737,kolkata,89.4,92.7,39.7,601.0,11.0,25.0,4.7,86,198
2026-04-05 18:53:19.679204,chennai,15.7,22.4,3.4,180.0,75.0,29.1,5.7,90,75
2026-04-05 19:37:30.318001,delhi,84.1,348.3,15.6,460.0,65.0,21.4,2.3,53,298
2026-04-05 19:37:31.235594,mumbai,30.4,91.7,14.0,444.0,59.0,27.7,8.8,80,91
2026-04-05 19:37:32.131055,hyderabad,42.4,46.0,11.8,529.0,96.0,27.1,5.5,45,96
2026-04-05 19:37:33.010512,bangalore,32.2,36.2,25.5,369.0,76.0,24.4,6.9,77,76
2026-04-05 19:37:33.920939,kolkata,89.4,92.7,39.7,601.0,11.0,24.8,4.7,86,198
2026-04-05 19:37:34.829215,chennai,15.7,22.4,3.4,180.0,75.0,28.9,5.0,90,75
2026-04-05 20:39:49.554680,delhi,84.1,348.3,15.6,460.0,65.0,20.7,1.9,53,298
2026-04-05 20:39:50.319930,mumbai,30.4,91.7,14.0,444.0,59.0,27.7,10.5,80,91
2026-04-05 20:39:51.092340,hyderabad,42.4,46.0,11.8,529.0,96.0,26.8,3.6,45,96
2026-04-05 20:39:51.852555,bangalore,32.2,36.2,25.5,369.0,76.0,23.9,7.6,77,76
2026-04-05 20:39:52.612419,kolkata,89.4,92.7,39.7,601.0,11.0,24.6,4.6,86,198
2026-04-05 20:39:53.374359,chennai,15.7,22.4,3.4,180.0,75.0,28.7,4.7,90,75
2026-04-05 21:37:58.529235,delhi,84.1,348.3,15.6,460.0,65.0,20.3,3.4,53,298
2026-04-05 21:37:59.608607,mumbai,30.4,91.7,14.0,444.0,59.0,27.8,11.0,80,91
2026-04-05 21:38:00.679704,hyderabad,42.4,46.0,11.8,529.0,96.0,26.6,3.3,45,96
2026-04-05 21:38:01.761593,bangalore,32.2,36.2,25.5,369.0,76.0,23.3,6.2,77,76
2026-04-05 21:38:02.855175,kolkata,89.4,92.7,39.7,601.0,11.0,24.4,4.8,86,198
2026-04-05 21:38:03.951879,chennai,15.7,22.4,3.4,180.0,75.0,28.0,6.1,90,75
2026-04-05 22:37:22.618958,delhi,68.9,181.6,24.5,460.0,49.0,20.5,3.3,53,154
2026-04-05 22:37:23.391199,mumbai,33.2,101.5,16.3,444.0,61.0,27.8,10.9,80,101
2026-04-05 22:37:24.160700,hyderabad,44.0,47.1,13.0,529.0,84.0,26.5,3.8,45,84
2026-04-05 22:37:24.929308,bangalore,29.1,33.5,16.4,369.0,82.0,23.0,4.6,77,82
2026-04-05 22:37:25.705456,kolkata,53.9,56.8,22.6,601.0,17.0,23.3,3.8,86,89
2026-04-05 22:37:26.480451,chennai,14.1,20.0,3.4,180.0,74.0,27.7,3.3,90,74
2026-04-05 23:39:21.868788,delhi,68.9,181.6,24.5,460.0,49.0,19.7,3.7,53,154
2026-04-05 23:39:23.054973,mumbai,33.2,101.5,16.3,444.0,61.0,27.8,10.2,80,101
2026-04-05 23:39:24.223611,hyderabad,44.0,47.1,13.0,529.0,84.0,25.9,4.1,45,84
2026-04-05 23:39:25.405735,bangalore,29.1,33.5,16.4,369.0,82.0,22.4,3.7,77,82
2026-04-05 23:39:26.576900,kolkata,53.9,56.8,22.6,601.0,17.0,23.2,4.1,86,89
2026-04-05 23:39:27.760173,chennai,14.1,20.0,3.4,180.0,74.0,27.3,4.0,90,74
2026-04-06 11:03:00.191120,delhi,97.3,525.3,10.2,340.0,99.0,31.4,8.3,46,500
2026-04-06 11:03:01.458143,mumbai,39.0,84.5,17.6,243.0,103.0,27.4,17.9,81,104
2026-04-06 11:03:02.712990,hyderabad,38.5,50.4,21.3,406.0,65.0,36.7,14.7,52,65
2026-04-06 11:03:03.954828,bangalore,39.7,45.3,22.5,433.0,76.0,33.6,11.3,83,76
2026-04-06 11:03:05.196432,kolkata,38.9,45.8,14.8,369.0,66.0,30.8,3.1,91,66
2026-04-06 11:03:06.447082,chennai,14.6,20.7,7.2,171.0,64.0,32.0,9.7,90,64
2026-04-06 13:21:36.231935,delhi,97.3,525.3,10.2,340.0,99.0,28.9,7.3,46,500
2026-04-06 13:21:37.328580,mumbai,39.0,84.5,17.6,243.0,103.0,27.9,17.0,81,104
2026-04-06 13:21:38.422702,hyderabad,38.5,50.4,21.3,406.0,65.0,33.8,8.8,52,65
2026-04-06 13:21:39.532691,bangalore,39.7,45.3,22.5,433.0,76.0,31.0,5.6,83,76
2026-04-06 13:21:40.611183,kolkata,38.9,45.8,14.8,369.0,66.0,28.0,5.2,91,66
2026-04-06 13:21:41.717256,chennai,14.6,20.7,7.2,171.0,64.0,29.2,8.5,90,64
2026-04-06 14:54:42.283124,delhi,97.3,525.3,10.2,340.0,99.0,26.4,7.0,46,500
2026-04-06 14:54:43.194922,mumbai,39.0,84.5,17.6,243.0,103.0,27.8,14.2,81,104
2026-04-06 14:54:44.118193,hyderabad,38.5,50.4,21.3,406.0,65.0,31.9,4.7,52,65
2026-04-06 14:54:45.045278,bangalore,39.7,45.3,22.5,433.0,76.0,28.7,3.1,83,76
2026-04-06 14:54:45.965022,kolkata,38.9,45.8,14.8,369.0,66.0,26.8,4.9,91,66
2026-04-06 14:54:46.897365,chennai,14.6,20.7,7.2,171.0,64.0,28.6,7.1,90,64
2026-04-06 15:54:33.578799,delhi,97.3,525.3,10.2,324.0,99.0,25.3,6.6,47,500
2026-04-06 15:54:34.713864,mumbai,39.0,84.5,17.6,525.0,103.0,27.7,12.5,83,104
2026-04-06 15:54:35.830060,hyderabad,38.5,50.4,21.3,734.0,65.0,30.4,4.4,49,65
2026-04-06 15:54:36.971794,bangalore,39.7,45.3,22.5,342.0,76.0,27.4,3.6,84,76
2026-04-06 15:54:38.086709,kolkata,38.9,45.8,14.8,544.0,66.0,26.5,4.7,92,66
2026-04-06 15:54:39.204431,chennai,14.6,20.7,7.2,196.0,64.0,28.5,6.1,85,64
2026-04-06 16:56:20.936550,delhi,97.3,525.3,10.2,324.0,99.0,25.3,2.9,47,500
2026-04-06 16:56:22.204978,mumbai,39.0,84.5,17.6,525.0,103.0,27.8,9.4,83,104
2026-04-06 16:56:23.508988,hyderabad,38.5,50.4,21.3,734.0,65.0,28.9,6.8,49,65
2026-04-06 16:56:24.831847,bangalore,39.7,45.3,22.5,342.0,76.0,26.7,1.5,84,76
2026-04-06 16:56:26.171274,kolkata,38.9,45.8,14.8,544.0,66.0,26.0,12.4,92,66
2026-04-06 16:56:27.461063,chennai,14.6,20.7,7.2,196.0,64.0,28.6,6.4,85,64
2026-04-06 17:54:02.411423,delhi,97.3,525.3,10.2,324.0,99.0,24.2,4.7,47,500
2026-04-06 17:54:03.174980,mumbai,39.0,84.5,17.6,525.0,103.0,27.7,7.7,83,104
2026-04-06 17:54:03.963481,hyderabad,38.5,50.4,21.3,734.0,65.0,27.7,6.9,49,65
2026-04-06 17:54:04.741351,bangalore,39.7,45.3,22.5,342.0,76.0,25.7,2.9,84,76
2026-04-06 17:54:05.508646,kolkata,38.9,45.8,14.8,544.0,66.0,25.1,5.6,92,66
2026-04-06 17:54:06.272066,chennai,14.6,20.7,7.2,196.0,64.0,28.5,7.1,85,64
2026-04-06 19:09:23.044084,delhi,97.3,525.3,10.2,324.0,99.0,22.8,5.9,47,500
2026-04-06 19:09:23.959298,mumbai,39.0,84.5,17.6,525.0,103.0,27.6,7.6,83,104
2026-04-06 19:09:24.867351,hyderabad,38.5,50.4,21.3,734.0,65.0,26.9,4.6,49,65
2026-04-06 19:09:25.765259,bangalore,39.7,45.3,22.5,342.0,76.0,25.1,3.8,84,76
2026-04-06 19:09:26.687137,kolkata,38.9,45.8,14.8,544.0,66.0,24.8,7.0,92,66
2026-04-06 19:09:27.610409,chennai,14.6,20.7,7.2,196.0,64.0,28.3,6.6,85,64
2026-04-06 20:42:16.408813,delhi,97.3,525.3,10.2,324.0,99.0,21.8,4.9,47,500
2026-04-06 20:42:17.185568,mumbai,39.0,84.5,17.6,525.0,103.0,27.5,8.4,83,104
2026-04-06 20:42:17.956690,hyderabad,38.5,50.4,21.3,734.0,65.0,25.9,2.3,49,65
2026-04-06 20:42:18.728396,bangalore,39.7,45.3,22.5,342.0,76.0,23.7,7.8,84,76
2026-04-06 20:42:19.505703,kolkata,38.9,45.8,14.8,544.0,66.0,24.8,3.4,92,66
2026-04-06 20:42:20.283530,chennai,14.6,20.7,7.2,196.0,64.0,28.2,6.4,85,64
2026-04-06 21:42:02.943898,delhi,97.3,525.3,10.2,324.0,99.0,21.3,4.7,47,500
2026-04-06 21:42:03.724060,mumbai,39.0,84.5,17.6,525.0,103.0,27.5,8.4,83,104
2026-04-06 21:42:04.498347,hyderabad,38.5,50.4,21.3,734.0,65.0,25.1,3.6,49,65
2026-04-06 21:42:05.268150,bangalore,39.7,45.3,22.5,342.0,76.0,22.9,6.6,84,76
2026-04-06 21:42:06.035183,kolkata,38.9,45.8,14.8,544.0,66.0,24.7,2.7,92,66
2026-04-06 21:42:06.851397,chennai,14.6,20.7,7.2,196.0,64.0,28.0,6.8,85,64
2026-04-06 22:41:58.274142,delhi,102.2,534.6,10.1,324.0,97.0,21.5,4.1,47,500
2026-04-06 22:41:59.307560,mumbai,40.6,92.9,16.9,525.0,93.0,27.5,6.4,83,93
2026-04-06 22:42:00.314130,hyderabad,53.2,70.1,42.4,734.0,39.0,25.1,4.0,49,88
2026-04-06 22:42:01.334429,bangalore,42.6,46.6,20.0,342.0,84.0,22.2,2.9,84,84
2026-04-06 22:42:02.373337,kolkata,45.5,53.6,15.3,544.0,51.0,23.5,3.7,92,75
2026-04-06 22:42:03.415056,chennai,13.8,18.9,8.9,196.0,54.0,28.1,4.1,85,54
2026-04-06 23:41:05.885688,delhi,102.2,534.6,10.1,324.0,97.0,21.0,2.2,47,500
2026-04-06 23:41:06.646310,mumbai,40.6,92.9,16.9,525.0,93.0,27.5,6.5,83,93
2026-04-06 23:41:07.406171,hyderabad,53.2,70.1,42.4,734.0,39.0,24.5,5.8,49,88
2026-04-06 23:41:08.164325,bangalore,42.6,46.6,20.0,342.0,84.0,21.6,3.6,84,84
2026-04-06 23:41:08.924581,kolkata,45.5,53.6,15.3,544.0,51.0,23.3,4.9,92,75
2026-04-06 23:41:09.683002,chennai,13.8,18.9,8.9,196.0,54.0,27.9,4.6,85,54
2026-04-07 13:42:05.103100,delhi,62.9,195.1,21.3,452.0,64.0,23.7,5.5,46,163
2026-04-07 13:42:06.101532,mumbai,29.8,88.7,12.3,197.0,76.0,28.6,14.8,82,88
2026-04-07 13:42:07.102509,hyderabad,32.1,43.2,13.8,329.0,87.0,33.8,8.2,57,87
2026-04-07 13:42:08.101019,bangalore,38.8,47.5,31.0,462.0,56.0,31.0,2.3,67,64
2026-04-07 13:42:09.100006,kolkata,31.3,39.1,9.0,297.0,94.0,26.7,2.6,95,94
2026-04-07 13:42:10.100309,chennai,9.5,16.5,6.5,143.0,46.0,29.8,10.9,90,46
2026-04-07 15:15:28.724994,delhi,62.9,195.1,21.3,493.0,64.0,22.5,2.6,46,163
2026-04-07 15:15:30.062836,mumbai,29.8,88.7,12.3,503.0,76.0,28.5,13.1,82,88
2026-04-07 15:15:31.375568,hyderabad,32.1,43.2,13.8,802.0,87.0,31.9,5.4,57,87
2026-04-07 15:15:32.730667,bangalore,38.8,47.5,31.0,494.0,56.0,28.2,3.1,67,64
2026-04-07 15:15:34.064258,kolkata,31.3,39.1,9.0,379.0,94.0,25.3,4.3,95,94
2026-04-07 17:06:58.928833,delhi,62.9,195.1,21.3,493.0,64.0,20.7,6.6,53,163
2026-04-07 17:06:59.924230,mumbai,29.8,88.7,12.3,503.0,76.0,28.4,8.4,88,88
2026-04-07 17:07:00.926419,hyderabad,32.1,43.2,13.8,802.0,87.0,29.9,6.1,62,87
2026-04-07 17:07:01.928603,bangalore,38.8,47.5,31.0,494.0,56.0,26.2,4.1,70,64
2026-04-07 17:07:02.924895,kolkata,31.3,39.1,9.0,379.0,94.0,23.6,5.4,95,94
2026-04-07 17:07:03.924615,chennai,9.5,16.5,6.5,185.0,46.0,29.2,8.9,89,46
2026-04-07 19:12:37.115154,delhi,62.9,195.1,21.3,493.0,64.0,19.5,8.4,53,163
2026-04-07 19:12:38.123724,mumbai,29.8,88.7,12.3,503.0,76.0,28.5,7.6,88,88
2026-04-07 19:12:39.159193,hyderabad,32.1,43.2,13.8,802.0,87.0,28.7,4.7,62,87
2026-04-07 19:12:40.202707,bangalore,38.8,47.5,31.0,494.0,56.0,23.7,5.1,70,64
2026-04-07 19:12:41.247576,kolkata,31.3,39.1,9.0,379.0,94.0,23.3,5.2,95,94
2026-04-07 19:12:42.323917,chennai,9.5,16.5,6.5,185.0,46.0,29.1,6.5,89,46
2026-04-07 20:54:41.148397,delhi,62.9,195.1,21.3,493.0,64.0,18.8,5.9,53,163
2026-04-07 20:54:42.266987,mumbai,29.8,88.7,12.3,503.0,76.0,28.4,6.9,88,88
2026-04-07 20:54:43.386490,hyderabad,32.1,43.2,13.8,802.0,87.0,27.6,3.5,62,87
2026-04-07 20:54:44.477644,bangalore,38.8,47.5,31.0,494.0,56.0,22.4,2.8,70,64
2026-04-07 20:54:45.578183,kolkata,31.3,39.1,9.0,379.0,94.0,23.2,3.6,95,94
2026-04-07 20:54:46.679650,chennai,9.5,16.5,6.5,185.0,46.0,28.9,6.6,89,46
2026-04-07 21:49:17.971142,delhi,62.9,195.1,21.3,493.0,64.0,18.6,4.1,53,163
2026-04-07 21:49:19.023721,mumbai,29.8,88.7,12.3,503.0,76.0,28.3,8.3,88,88
2026-04-07 21:49:20.048850,hyderabad,32.1,43.2,13.8,802.0,87.0,27.3,2.2,62,87
2026-04-07 21:49:21.125458,bangalore,38.8,47.5,31.0,494.0,56.0,21.8,2.6,70,64
2026-04-07 21:49:22.257083,kolkata,31.3,39.1,9.0,379.0,94.0,23.1,3.9,95,94
2026-04-07 21:49:23.293708,chennai,9.5,16.5,6.5,185.0,46.0,28.6,7.9,89,46
2026-04-07 22:43:33.293387,delhi,71.7,235.6,16.2,493.0,68.0,18.2,2.7,53,190
2026-04-07 22:43:34.613616,mumbai,27.9,74.0,11.6,503.0,80.0,28.3,9.5,88,80
2026-04-07 22:43:35.896004,hyderabad,29.9,36.1,10.6,802.0,88.0,27.0,1.5,62,88
2026-04-07 22:43:37.230303,bangalore,37.7,44.8,26.7,494.0,63.0,21.6,1.8,70,63
2026-04-07 22:43:38.528833,kolkata,27.1,31.7,8.5,379.0,81.0,22.0,3.6,95,81
2026-04-07 23:42:02.706132,delhi,71.7,235.6,16.2,493.0,68.0,17.9,3.0,53,190
2026-04-07 23:42:03.703409,mumbai,27.9,74.0,11.6,503.0,80.0,28.4,9.2,88,80
2026-04-07 23:42:04.703335,hyderabad,29.9,36.1,10.6,802.0,88.0,26.6,2.0,62,88
2026-04-07 23:42:05.721437,bangalore,37.7,44.8,26.7,494.0,63.0,21.2,1.8,70,63
2026-04-07 23:42:06.703118,kolkata,27.1,31.7,8.5,379.0,81.0,22.1,3.3,95,81
2026-04-07 23:42:07.703533,chennai,12.0,17.1,6.6,185.0,51.0,28.0,5.5,89,51
2026-04-08 11:03:36.810978,delhi,99.9,418.2,29.5,610.0,42.0,26.5,7.7,45,385
2026-04-08 11:03:37.994045,mumbai,49.0,119.2,17.4,223.0,78.0,28.6,14.8,80,112
2026-04-08 11:03:39.217712,hyderabad,25.4,31.7,7.5,255.0,95.0,36.9,11.0,43,95
2026-04-08 11:03:40.453558,bangalore,35.2,42.1,25.3,442.0,60.0,34.6,8.4,61,60
2026-04-08 11:03:41.658548,kolkata,19.3,26.0,7.5,207.0,72.0,26.9,4.7,97,72
2026-04-08 11:03:42.868842,chennai,10.3,17.5,5.7,137.0,50.0,33.4,11.3,89,50
2026-04-08 13:44:08.942340,delhi,99.9,418.2,29.5,610.0,42.0,23.8,6.9,45,385
2026-04-08 13:44:10.328811,mumbai,49.0,119.2,17.4,223.0,78.0,28.7,12.0,80,112
2026-04-08 13:44:11.661113,hyderabad,25.4,31.7,7.5,255.0,95.0,34.3,1.5,43,95
2026-04-08 13:44:13.022310,bangalore,35.2,42.1,25.3,442.0,60.0,31.2,10.0,61,60
2026-04-08 13:44:14.339384,kolkata,19.3,26.0,7.5,207.0,72.0,25.6,3.9,97,72
2026-04-08 15:16:42.273871,delhi,99.9,418.2,29.5,610.0,42.0,19.8,10.2,45,385
2026-04-08 15:16:43.557130,mumbai,49.0,119.2,17.4,448.0,78.0,28.5,12.6,80,112
2026-04-08 15:16:44.839517,hyderabad,25.4,31.7,7.5,503.0,95.0,32.4,1.1,43,95
2026-04-08 15:16:46.123292,bangalore,35.2,42.1,25.3,320.0,60.0,29.0,8.5,61,60
2026-04-08 15:16:47.396491,kolkata,19.3,26.0,7.5,224.0,72.0,25.5,7.4,97,72
2026-04-08 17:11:40.437443,delhi,99.9,418.2,29.5,610.0,42.0,19.2,7.8,46,385
2026-04-08 17:11:41.590123,mumbai,49.0,119.2,17.4,448.0,78.0,28.4,10.1,84,112
2026-04-08 17:11:42.647002,hyderabad,25.4,31.7,7.5,503.0,95.0,30.6,1.8,44,95
2026-04-08 17:11:43.674882,bangalore,35.2,42.1,25.3,320.0,60.0,27.8,2.4,66,60
2026-04-08 17:11:44.707570,kolkata,19.3,26.0,7.5,224.0,72.0,24.4,2.2,95,72
2026-04-08 17:11:45.794694,chennai,10.3,17.5,5.7,202.0,50.0,29.3,9.4,90,50
2026-04-08 19:24:36.160117,delhi,99.9,418.2,29.5,610.0,42.0,18.5,6.4,46,385
2026-04-08 19:24:37.193114,mumbai,49.0,119.2,17.4,448.0,78.0,28.2,7.2,84,112
2026-04-08 19:24:38.321050,hyderabad,25.4,31.7,7.5,503.0,95.0,28.6,6.6,44,95
2026-04-08 19:24:39.473916,bangalore,35.2,42.1,25.3,320.0,60.0,25.9,4.7,66,60
2026-04-08 19:24:40.546840,kolkata,19.3,26.0,7.5,224.0,72.0,23.7,1.6,95,72
2026-04-08 19:24:41.563970,chennai,10.3,17.5,5.7,202.0,50.0,29.1,8.1,90,50
2026-04-08 20:52:24.793302,delhi,99.9,418.2,29.5,610.0,42.0,18.3,5.7,46,385
2026-04-08 20:52:25.719879,mumbai,49.0,119.2,17.4,448.0,78.0,27.7,7.6,84,112
2026-04-08 20:52:26.631680,hyderabad,25.4,31.7,7.5,503.0,95.0,26.9,5.4,44,95
2026-04-08 20:52:27.544789,bangalore,35.2,42.1,25.3,320.0,60.0,24.2,10.3,66,60
2026-04-08 20:52:28.455187,kolkata,19.3,26.0,7.5,224.0,72.0,23.7,2.4,95,72
2026-04-08 20:52:29.381023,chennai,10.3,17.5,5.7,202.0,50.0,28.9,6.8,90,50
2026-04-08 21:49:33.579102,delhi,99.9,418.2,29.5,610.0,42.0,18.1,5.8,46,385
2026-04-08 21:49:34.358469,mumbai,49.0,119.2,17.4,448.0,78.0,27.5,8.0,84,112
2026-04-08 21:49:35.161146,hyderabad,25.4,31.7,7.5,503.0,95.0,26.3,2.4,44,95
2026-04-08 21:49:35.930122,bangalore,35.2,42.1,25.3,320.0,60.0,23.2,8.7,66,60
2026-04-08 21:49:36.735978,kolkata,19.3,26.0,7.5,224.0,72.0,23.8,0.4,95,72
2026-04-08 21:49:37.588083,chennai,10.3,17.5,5.7,202.0,50.0,28.6,5.9,90,50
2026-04-08 22:48:12.969229,delhi,80.8,295.2,26.7,610.0,46.0,17.5,6.5,46,245
2026-04-08 22:48:13.738267,mumbai,48.9,120.6,15.3,448.0,79.0,27.6,6.0,84,113
2026-04-08 22:48:14.514435,hyderabad,29.7,36.7,16.2,503.0,72.0,25.4,3.6,44,72
2026-04-08 22:48:15.284225,bangalore,26.5,31.9,17.1,320.0,72.0,22.8,8.1,66,72
2026-04-08 22:48:16.063134,kolkata,18.8,25.6,7.7,224.0,67.0,23.2,2.6,95,67
2026-04-08 22:48:16.834669,chennai,10.9,18.2,4.8,202.0,48.0,28.6,5.5,90,48
2026-04-08 23:42:45.368561,delhi,80.8,295.2,26.7,610.0,46.0,17.3,6.7,46,245
2026-04-08 23:42:46.271832,mumbai,48.9,120.6,15.3,448.0,79.0,27.5,5.5,84,113
2026-04-08 23:42:47.221383,hyderabad,29.7,36.7,16.2,503.0,72.0,25.2,4.8,44,72
2026-04-08 23:42:48.161890,bangalore,26.5,31.9,17.1,320.0,72.0,22.5,8.0,66,72
2026-04-08 23:42:49.197967,kolkata,18.8,25.6,7.7,224.0,67.0,23.2,1.3,95,67
2026-04-08 23:42:50.231476,chennai,10.9,18.2,4.8,202.0,48.0,28.5,6.3,90,48
2026-04-09 11:04:29.245222,delhi,47.1,144.8,18.6,435.0,77.0,28.6,9.1,54,129
2026-04-09 11:04:30.304839,mumbai,45.6,100.8,20.4,230.0,76.0,28.2,14.3,78,100
2026-04-09 11:04:31.343993,hyderabad,24.6,30.9,9.7,259.0,85.0,36.8,13.8,54,85
2026-04-09 11:04:32.396796,bangalore,34.6,40.6,28.6,459.0,60.0,34.0,8.2,79,60
2026-04-09 11:04:33.442515,kolkata,23.5,28.8,8.1,196.0,49.0,27.8,3.6,92,49
2026-04-09 11:04:34.461800,chennai,13.3,20.0,6.5,160.0,56.0,34.0,12.6,89,56
2026-04-09 13:55:22.288532,delhi,47.1,144.8,18.6,435.0,77.0,25.5,5.1,54,129
2026-04-09 13:55:23.094106,mumbai,45.6,100.8,20.4,230.0,76.0,28.0,11.4,78,100
2026-04-09 13:55:23.954146,hyderabad,24.6,30.9,9.7,259.0,85.0,33.2,6.9,54,85
2026-04-09 13:55:24.733882,bangalore,34.6,40.6,28.6,459.0,60.0,31.0,3.7,79,60
2026-04-09 13:55:25.531546,kolkata,23.5,28.8,8.1,196.0,49.0,25.2,2.9,92,49
2026-04-09 13:55:26.313229,chennai,13.3,20.0,6.5,160.0,56.0,30.2,8.9,89,56
2026-04-09 15:26:59.885784,delhi,47.1,144.8,18.6,474.0,77.0,23.4,4.7,54,129
2026-04-09 15:27:01.150878,mumbai,45.6,100.8,20.4,692.0,76.0,27.9,9.7,78,100
2026-04-09 15:27:02.491647,hyderabad,24.6,30.9,9.7,326.0,85.0,31.3,8.0,54,85
2026-04-09 15:27:03.844077,bangalore,34.6,40.6,28.6,409.0,60.0,29.2,3.2,79,60
2026-04-09 15:27:05.085642,kolkata,23.5,28.8,8.1,243.0,49.0,24.1,3.6,92,49
2026-04-09 15:27:06.453427,chennai,13.3,20.0,6.5,202.0,56.0,29.4,8.9,89,56
2026-04-09 17:13:34.194113,delhi,47.1,144.8,18.6,474.0,77.0,23.1,4.7,48,129
2026-04-09 17:13:35.217897,mumbai,45.6,100.8,20.4,692.0,76.0,28.3,8.3,79,100
2026-04-09 17:13:36.125371,hyderabad,24.6,30.9,9.7,326.0,85.0,29.8,3.3,54,85
2026-04-09 17:13:37.054703,bangalore,34.6,40.6,28.6,409.0,60.0,27.2,5.0,80,60
2026-04-09 17:13:37.985159,kolkata,23.5,28.8,8.1,243.0,49.0,23.0,2.3,94,49
2026-04-09 17:13:38.917613,chennai,13.3,20.0,6.5,202.0,56.0,29.2,8.8,89,56
2026-04-09 19:15:46.788354,delhi,47.1,144.8,18.6,474.0,77.0,21.0,4.0,48,129
2026-04-09 19:15:47.554632,mumbai,45.6,100.8,20.4,692.0,76.0,28.3,5.6,79,100
2026-04-09 19:15:48.335791,hyderabad,24.6,30.9,9.7,326.0,85.0,28.4,3.3,54,85
2026-04-09 19:15:49.123977,bangalore,34.6,40.6,28.6,409.0,60.0,25.6,10.7,80,60
2026-04-09 19:15:49.906940,kolkata,23.5,28.8,8.1,243.0,49.0,22.2,3.2,94,49
2026-04-09 19:15:50.671401,chennai,13.3,20.0,6.5,202.0,56.0,28.9,7.6,89,56
2026-04-09 20:57:33.276114,delhi,47.1,144.8,18.6,474.0,77.0,20.0,4.1,48,129
2026-04-09 20:57:34.330465,mumbai,45.6,100.8,20.4,692.0,76.0,28.2,5.4,79,100
2026-04-09 20:57:35.363610,hyderabad,24.6,30.9,9.7,326.0,85.0,27.7,4.8,54,85
2026-04-09 20:57:36.454401,bangalore,34.6,40.6,28.6,409.0,60.0,24.1,7.2,80,60
2026-04-09 20:57:37.476587,kolkata,23.5,28.8,8.1,243.0,49.0,21.6,2.5,94,49
2026-04-09 20:57:38.526522,chennai,13.3,20.0,6.5,202.0,56.0,28.7,5.8,89,56
2026-04-09 21:53:18.763283,delhi,47.1,144.8,18.6,474.0,77.0,19.3,4.6,48,129
2026-04-09 21:53:19.579422,mumbai,45.6,100.8,20.4,692.0,76.0,28.2,6.2,79,100
2026-04-09 21:53:20.437628,hyderabad,24.6,30.9,9.7,326.0,85.0,27.0,4.1,54,85
2026-04-09 21:53:21.222291,bangalore,34.6,40.6,28.6,409.0,60.0,23.5,6.0,80,60
2026-04-09 21:53:22.079473,kolkata,23.5,28.8,8.1,243.0,49.0,21.4,2.5,94,49
2026-04-09 21:53:22.860245,chennai,13.3,20.0,6.5,202.0,56.0,28.6,5.8,89,56
2026-04-09 22:49:22.618795,delhi,63.1,228.6,19.2,474.0,70.0,18.5,4.7,48,185
2026-04-09 22:49:23.521011,mumbai,49.8,94.3,24.1,692.0,70.0,28.4,5.9,79,94
2026-04-09 22:49:24.426357,hyderabad,26.8,33.6,10.7,326.0,80.0,26.5,3.3,54,80
2026-04-09 22:49:25.339577,bangalore,32.6,38.1,18.3,409.0,86.0,23.2,6.0,80,86
2026-04-09 22:49:26.246678,kolkata,23.7,28.7,9.4,243.0,43.0,21.7,2.5,94,43
2026-04-09 22:49:27.172267,chennai,12.2,19.3,6.6,202.0,53.0,28.9,5.0,89,53
2026-04-09 23:41:13.513545,delhi,63.1,228.6,19.2,474.0,70.0,18.1,5.0,48,185
2026-04-09 23:41:14.299768,mumbai,49.8,94.3,24.1,692.0,70.0,28.3,6.8,79,94
2026-04-09 23:41:15.125106,hyderabad,26.8,33.6,10.7,326.0,80.0,26.0,3.0,54,80
2026-04-09 23:41:15.914340,bangalore,32.6,38.1,18.3,409.0,86.0,22.9,5.3,80,86
2026-04-09 23:41:16.699380,kolkata,23.7,28.7,9.4,243.0,43.0,21.7,2.2,94,43
2026-04-09 23:41:17.518907,chennai,12.2,19.3,6.6,202.0,53.0,28.8,4.0,89,53
2026-04-10 11:52:38.508965,delhi,59.3,197.4,31.4,526.0,54.0,30.9,12.8,49,164
2026-04-10 11:52:39.293410,mumbai,33.4,78.5,20.1,238.0,54.0,28.4,17.6,81,78
2026-04-10 11:52:40.104450,hyderabad,26.9,32.4,12.9,313.0,101.0,37.2,8.8,47,101
2026-04-10 11:52:40.892441,bangalore,24.2,31.4,22.1,347.0,73.0,32.2,13.7,66,73
2026-04-10 11:52:41.675373,kolkata,20.4,25.8,7.7,182.0,58.0,29.4,3.6,96,58
2026-04-10 11:52:42.485987,chennai,15.8,22.8,5.7,191.0,86.0,31.6,12.0,90,86
2026-04-10 13:22:18.495828,delhi,59.3,197.4,31.4,526.0,54.0,28.6,7.9,49,164
2026-04-10 13:22:19.282574,mumbai,33.4,78.5,20.1,238.0,54.0,28.5,14.5,81,78
2026-04-10 13:22:20.062553,hyderabad,26.9,32.4,12.9,313.0,101.0,35.4,6.8,47,101
2026-04-10 13:22:20.841057,bangalore,24.2,31.4,22.1,347.0,73.0,30.2,9.6,66,73
2026-04-10 13:22:21.621683,kolkata,20.4,25.8,7.7,182.0,58.0,27.8,0.8,96,58
2026-04-10 13:22:22.401257,chennai,15.8,22.8,5.7,191.0,86.0,30.1,10.1,90,86
2026-04-10 14:53:51.473117,delhi,59.3,197.4,31.4,526.0,54.0,26.0,7.2,49,164
2026-04-10 14:53:52.534291,mumbai,33.4,78.5,20.1,238.0,54.0,28.6,11.8,81,78
2026-04-10 14:53:53.547186,hyderabad,26.9,32.4,12.9,313.0,101.0,33.4,5.5,47,101
2026-04-10 14:53:54.578610,bangalore,24.2,31.4,22.1,347.0,73.0,27.3,4.4,66,73
2026-04-10 14:53:55.627342,kolkata,20.4,25.8,7.7,182.0,58.0,26.7,2.3,96,58
2026-04-10 14:53:56.604573,chennai,15.8,22.8,5.7,191.0,86.0,29.4,8.7,90,86
2026-04-10 15:59:25.389915,delhi,59.3,197.4,31.4,701.0,54.0,24.9,7.3,49,164
2026-04-10 15:59:26.157679,mumbai,33.4,78.5,20.1,346.0,54.0,28.7,9.0,81,78
2026-04-10 15:59:26.926978,hyderabad,26.9,32.4,12.9,269.0,101.0,32.5,5.0,47,101
2026-04-10 15:59:27.695224,bangalore,24.2,31.4,22.1,365.0,73.0,26.5,3.1,66,73
2026-04-10 15:59:28.464779,kolkata,20.4,25.8,7.7,210.0,58.0,25.7,5.1,96,58
2026-04-10 15:59:29.233177,chennai,15.8,22.8,5.7,194.0,86.0,29.2,7.7,90,86
2026-04-10 17:01:27.455102,delhi,59.3,197.4,31.4,701.0,54.0,24.1,6.8,48,164
2026-04-10 17:01:28.520463,mumbai,33.4,78.5,20.1,346.0,54.0,28.8,7.0,84,78
2026-04-10 17:01:29.580114,hyderabad,26.9,32.4,12.9,269.0,101.0,31.6,4.0,50,101
2026-04-10 17:01:30.620638,bangalore,24.2,31.4,22.1,365.0,73.0,26.5,4.3,79,73
2026-04-10 17:01:31.666463,kolkata,20.4,25.8,7.7,210.0,58.0,25.2,4.0,95,58
2026-04-10 17:01:32.722262,chennai,15.8,22.8,5.7,194.0,86.0,29.2,7.7,90,86
2026-04-10 19:02:03.621972,delhi,59.3,197.4,31.4,701.0,54.0,22.5,5.8,48,164
2026-04-10 19:02:04.415418,mumbai,33.4,78.5,20.1,346.0,54.0,28.7,5.6,84,78
2026-04-10 19:02:05.301050,hyderabad,26.9,32.4,12.9,269.0,101.0,30.2,7.8,50,101
2026-04-10 19:02:06.115329,bangalore,24.2,31.4,22.1,365.0,73.0,25.0,4.8,79,73
2026-04-10 19:02:06.895992,kolkata,20.4,25.8,7.7,210.0,58.0,24.3,1.4,95,58
2026-04-10 19:02:07.683161,chennai,15.8,22.8,5.7,194.0,86.0,28.7,6.9,90,86
2026-04-10 20:45:13.277472,delhi,59.3,197.4,31.4,701.0,54.0,21.5,6.2,48,164
2026-04-10 20:45:14.181658,mumbai,33.4,78.5,20.1,346.0,54.0,28.5,6.4,84,78
2026-04-10 20:45:15.203718,hyderabad,26.9,32.4,12.9,269.0,101.0,27.9,4.6,50,101
2026-04-10 20:45:16.122811,bangalore,24.2,31.4,22.1,365.0,73.0,24.5,6.0,79,73
2026-04-10 20:45:17.030905,kolkata,20.4,25.8,7.7,210.0,58.0,23.7,1.3,95,58
2026-04-10 20:45:17.953063,chennai,15.8,22.8,5.7,194.0,86.0,28.4,6.2,90,86
2026-04-10 21:43:37.760320,delhi,59.3,197.4,31.4,701.0,54.0,21.1,5.9,48,164
2026-04-10 21:43:38.653788,mumbai,33.4,78.5,20.1,346.0,54.0,28.4,7.6,84,78
2026-04-10 21:43:39.556460,hyderabad,26.9,32.4,12.9,269.0,101.0,27.5,4.6,50,101
2026-04-10 21:43:40.471833,bangalore,24.2,31.4,22.1,365.0,73.0,24.3,5.8,79,73
2026-04-10 21:43:41.389719,kolkata,20.4,25.8,7.7,210.0,58.0,23.6,1.1,95,58
2026-04-10 21:43:42.304339,chennai,15.8,22.8,5.7,194.0,86.0,28.2,5.9,90,86
2026-04-10 22:42:32.665427,delhi,65.7,255.2,25.4,701.0,57.0,21.1,6.5,48,205
2026-04-10 22:42:33.593072,mumbai,30.9,76.8,18.4,346.0,52.0,28.4,9.7,84,76
2026-04-10 22:42:34.517897,hyderabad,24.2,28.6,11.7,269.0,98.0,27.1,3.2,50,98
2026-04-10 22:42:35.438290,bangalore,26.9,33.8,24.5,365.0,72.0,24.2,6.3,79,72
2026-04-10 22:42:36.339433,kolkata,22.2,26.8,8.2,210.0,49.0,23.5,1.6,95,49
2026-04-10 22:42:37.280896,chennai,16.6,22.9,6.0,194.0,76.0,28.1,5.0,90,76
2026-04-10 23:40:49.958661,delhi,65.7,255.2,25.4,701.0,57.0,20.9,6.2,48,205
2026-04-10 23:40:50.741927,mumbai,30.9,76.8,18.4,346.0,52.0,28.1,9.4,84,76
2026-04-10 23:40:51.523171,hyderabad,24.2,28.6,11.7,269.0,98.0,26.8,2.5,50,98
2026-04-10 23:40:52.307498,bangalore,26.9,33.8,24.5,365.0,72.0,23.8,6.9,79,72
2026-04-10 23:40:53.120955,kolkata,22.2,26.8,8.2,210.0,49.0,23.6,1.8,95,49
2026-04-10 23:40:53.900721,chennai,16.6,22.9,6.0,194.0,76.0,27.9,4.3,90,76
2026-04-11 10:41:08.202556,delhi,53.8,160.2,31.1,561.0,46.0,30.7,7.8,42,140
2026-04-11 10:41:08.983697,mumbai,21.3,41.3,15.3,212.0,68.0,28.8,17.4,82,68
2026-04-11 10:41:09.762733,hyderabad,29.0,34.9,15.5,330.0,100.0,39.3,8.6,58,100
2026-04-11 10:41:10.551226,bangalore,31.4,36.7,27.2,462.0,59.0,34.9,9.0,61,59
2026-04-11 10:41:11.336513,kolkata,20.5,27.1,6.8,185.0,62.0,31.7,6.5,97,62
2026-04-11 10:41:12.117106,chennai,15.0,21.9,4.5,182.0,90.0,33.6,12.0,92,90
2026-04-11 11:36:14.148540,delhi,53.8,160.2,31.1,561.0,46.0,30.5,7.4,42,140
2026-04-11 11:36:15.449280,mumbai,21.3,41.3,15.3,212.0,68.0,28.7,16.5,82,68
2026-04-11 11:36:16.726679,hyderabad,29.0,34.9,15.5,330.0,100.0,38.6,8.8,58,100
2026-04-11 11:36:18.029281,bangalore,31.4,36.7,27.2,462.0,59.0,34.5,11.0,61,59
2026-04-11 11:36:19.269737,kolkata,20.5,27.1,6.8,185.0,62.0,30.3,4.3,97,62
2026-04-11 11:36:20.546102,chennai,15.0,21.9,4.5,182.0,90.0,32.2,12.0,92,90
2026-04-11 13:10:05.565341,delhi,53.8,160.2,31.1,561.0,46.0,29.2,4.0,42,140
2026-04-11 13:10:09.452871,mumbai,21.3,41.3,15.3,212.0,68.0,29.0,12.5,82,68
2026-04-11 13:28:12.156016,bangalore,31.4,36.7,27.2,462.0,59.0,32.6,9.0,61,59
2026-04-11 13:28:13.352585,kolkata,20.5,27.1,6.8,185.0,62.0,28.3,2.1,97,62
2026-04-11 13:28:14.509803,chennai,15.0,21.9,4.5,182.0,90.0,30.0,10.2,92,90
2026-04-11 14:40:24.903053,delhi,53.8,160.2,31.1,561.0,46.0,27.5,3.1,42,140
2026-04-11 14:40:25.818205,mumbai,21.3,41.3,15.3,212.0,68.0,29.1,8.4,82,68
2026-04-11 14:40:26.720305,hyderabad,29.0,34.9,15.5,330.0,100.0,34.4,4.5,58,100
2026-04-11 14:40:27.633113,bangalore,31.4,36.7,27.2,462.0,59.0,30.7,5.8,61,59
2026-04-11 14:40:28.565887,kolkata,20.5,27.1,6.8,185.0,62.0,27.4,4.5,97,62
2026-04-11 14:40:29.499709,chennai,15.0,21.9,4.5,182.0,90.0,29.5,8.9,92,90
2026-04-11 15:39:11.882663,delhi,53.8,160.2,31.1,805.0,46.0,27.0,2.8,42,140
2026-04-11 15:39:12.820167,mumbai,21.3,41.3,15.3,340.0,68.0,29.0,5.6,82,68
2026-04-11 15:39:13.771596,hyderabad,29.0,34.9,15.5,338.0,100.0,33.3,5.6,58,100
2026-04-11 15:39:14.697278,bangalore,31.4,36.7,27.2,367.0,59.0,29.6,7.2,61,59
2026-04-11 15:39:15.628684,kolkata,20.5,27.1,6.8,212.0,62.0,26.0,6.1,97,62
2026-04-11 15:39:16.560096,chennai,15.0,21.9,4.5,183.0,90.0,29.2,8.9,92,90
2026-04-11 16:43:11.417129,delhi,53.8,160.2,31.1,805.0,46.0,27.2,2.5,41,140
2026-04-11 16:43:12.589687,mumbai,21.3,41.3,15.3,340.0,68.0,29.0,3.6,87,68
2026-04-11 16:43:13.811601,hyderabad,29.0,34.9,15.5,338.0,100.0,32.4,6.5,61,100
2026-04-11 16:43:14.957202,bangalore,31.4,36.7,27.2,367.0,59.0,28.6,8.9,66,59
2026-04-11 16:43:16.141080,kolkata,20.5,27.1,6.8,212.0,62.0,26.5,6.1,97,62
2026-04-11 16:43:17.297,chennai,15.0,21.9,4.5,183.0,90.0,29.4,7.9,88,90
2026-04-11 17:36:57.625887,delhi,53.8,160.2,31.1,805.0,46.0,26.3,4.0,41,140
2026-04-11 17:36:58.427331,mumbai,21.3,41.3,15.3,340.0,68.0,28.8,3.5,87,68
2026-04-11 17:36:59.217318,hyderabad,29.0,34.9,15.5,338.0,100.0,31.6,5.2,61,100
2026-04-11 17:36:59.980380,bangalore,31.4,36.7,27.2,367.0,59.0,27.5,8.7,66,59
2026-04-11 17:37:00.748175,kolkata,20.5,27.1,6.8,212.0,62.0,24.7,5.8,97,62
2026-04-11 17:37:01.525476,chennai,15.0,21.9,4.5,183.0,90.0,29.3,6.7,88,90
2026-04-11 18:54:10.340435,delhi,53.8,160.2,31.1,805.0,46.0,25.2,6.2,41,140
2026-04-11 18:54:11.136254,mumbai,21.3,41.3,15.3,340.0,68.0,28.7,6.0,87,68
2026-04-11 18:54:11.929427,hyderabad,29.0,34.9,15.5,338.0,100.0,30.6,5.7,61,100
2026-04-11 18:54:12.725547,bangalore,31.4,36.7,27.2,367.0,59.0,26.3,7.7,66,59
2026-04-11 18:54:13.523917,kolkata,20.5,27.1,6.8,212.0,62.0,24.7,5.4,97,62
2026-04-11 18:54:14.396120,chennai,15.0,21.9,4.5,183.0,90.0,29.1,6.8,88,90
2026-04-11 19:38:51.222453,delhi,53.8,160.2,31.1,805.0,46.0,24.7,5.9,41,140
2026-04-11 19:38:52.125881,mumbai,21.3,41.3,15.3,340.0,68.0,28.5,6.9,87,68
2026-04-11 19:38:53.039596,hyderabad,29.0,34.9,15.5,338.0,100.0,29.8,6.1,61,100
2026-04-11 19:38:53.943289,bangalore,31.4,36.7,27.2,367.0,59.0,25.6,7.7,66,59
2026-04-11 19:38:54.866926,kolkata,20.5,27.1,6.8,212.0,62.0,24.9,5.6,97,62
2026-04-11 19:38:55.784486,chennai,15.0,21.9,4.5,183.0,90.0,29.0,6.5,88,90
2026-04-11 20:40:37.663773,delhi,53.8,160.2,31.1,805.0,46.0,24.1,4.4,41,140
2026-04-11 20:40:38.676782,mumbai,21.3,41.3,15.3,340.0,68.0,28.4,6.7,87,68
2026-04-11 20:40:39.793390,hyderabad,29.0,34.9,15.5,338.0,100.0,28.7,5.1,61,100
2026-04-11 20:40:40.858813,bangalore,31.4,36.7,27.2,367.0,59.0,24.7,7.7,66,59
2026-04-11 20:40:41.873062,kolkata,20.5,27.1,6.8,212.0,62.0,25.1,6.3,97,62
2026-04-11 20:40:42.895917,chennai,15.0,21.9,4.5,183.0,90.0,28.8,5.1,88,90
2026-04-11 21:38:38.450813,delhi,53.8,160.2,31.1,805.0,46.0,23.5,3.3,41,140
2026-04-11 21:38:39.235120,mumbai,21.3,41.3,15.3,340.0,68.0,28.2,5.8,87,68
2026-04-11 21:38:40.096630,hyderabad,29.0,34.9,15.5,338.0,100.0,27.8,4.5,61,100
2026-04-11 21:38:40.964988,bangalore,31.4,36.7,27.2,367.0,59.0,24.1,6.6,66,59
2026-04-11 21:38:41.731453,kolkata,20.5,27.1,6.8,212.0,62.0,25.1,6.0,97,62
2026-04-11 21:38:42.505260,chennai,15.0,21.9,4.5,183.0,90.0,28.5,4.3,88,90
2026-04-11 22:38:01.287022,delhi,44.6,110.1,22.8,805.0,48.0,22.9,2.9,41,106
2026-04-11 22:38:02.246318,mumbai,23.6,42.0,16.6,340.0,64.0,28.2,4.1,87,64
2026-04-11 22:38:03.275427,hyderabad,24.9,28.8,11.4,338.0,100.0,27.4,3.7,61,100
2026-04-11 22:38:04.228278,bangalore,28.3,32.7,25.1,367.0,75.0,23.8,5.9,66,75
2026-04-11 22:38:05.137644,kolkata,18.5,23.7,6.9,212.0,56.0,25.4,4.6,97,56
2026-04-11 22:38:06.033878,chennai,11.5,16.5,4.9,183.0,77.0,28.4,3.6,88,77
2026-04-11 23:40:31.254529,delhi,44.6,110.1,22.8,805.0,48.0,22.3,3.4,41,106
2026-04-11 23:40:32.044074,mumbai,23.6,42.0,16.6,340.0,64.0,28.1,3.6,87,64
2026-04-11 23:40:32.847157,hyderabad,24.9,28.8,11.4,338.0,100.0,26.8,3.1,61,100
2026-04-11 23:57:34.013140,kolkata,18.5,23.7,6.9,212.0,56.0,25.3,4.6,97,56
2026-04-11 23:57:34.784358,chennai,11.5,16.5,4.9,183.0,77.0,28.2,4.0,88,77
2026-04-12 10:44:35.523644,delhi,39.2,143.4,16.8,321.0,63.0,33.1,12.8,47,128
2026-04-12 10:44:36.309174,mumbai,31.4,103.6,19.7,220.0,63.0,29.2,16.8,81,102
2026-04-12 10:44:37.118349,hyderabad,27.0,30.7,11.0,282.0,104.0,39.6,6.6,67,105
2026-04-12 10:44:37.912272,bangalore,30.7,37.0,26.2,420.0,75.0,34.7,10.5,71,75
2026-04-12 10:44:38.779591,kolkata,14.0,18.2,8.6,177.0,48.0,34.2,5.2,95,48
2026-04-12 10:44:39.643275,chennai,15.4,21.2,5.0,210.0,103.0,33.3,12.1,85,104
2026-04-12 11:38:00.750415,delhi,39.2,143.4,16.8,321.0,63.0,32.5,11.7,47,128
2026-04-12 11:38:01.541491,mumbai,31.4,103.6,19.7,220.0,63.0,29.2,15.9,81,102
2026-04-12 11:38:02.332864,hyderabad,27.0,30.7,11.0,282.0,104.0,39.0,5.6,67,105
2026-04-12 11:38:03.136405,bangalore,30.7,37.0,26.2,420.0,75.0,34.2,11.2,71,75
2026-04-12 11:38:03.921352,kolkata,14.0,18.2,8.6,177.0,48.0,32.9,3.5,95,48
2026-04-12 11:38:04.698375,chennai,15.4,21.2,5.0,210.0,103.0,32.0,11.4,85,104
2026-04-12 13:12:19.115552,delhi,39.2,143.4,16.8,321.0,63.0,30.6,6.6,47,128
2026-04-12 13:12:19.894868,mumbai,31.4,103.6,19.7,220.0,63.0,29.3,13.9,81,102
2026-04-12 13:12:20.679984,hyderabad,27.0,30.7,11.0,282.0,104.0,37.4,4.8,67,105
2026-04-12 13:12:21.467183,bangalore,30.7,37.0,26.2,420.0,75.0,32.4,9.8,71,75
2026-04-12 13:12:22.259340,kolkata,14.0,18.2,8.6,177.0,48.0,29.1,8.6,95,48
2026-04-12 13:12:23.045852,chennai,15.4,21.2,5.0,210.0,103.0,29.9,9.7,85,104
2026-04-12 14:44:48.004662,delhi,39.2,143.4,16.8,321.0,63.0,28.0,3.6,47,128
2026-04-12 14:44:49.382768,mumbai,31.4,103.6,19.7,220.0,63.0,29.1,11.0,81,102
2026-04-12 14:44:50.665524,hyderabad,27.0,30.7,11.0,282.0,104.0,34.6,6.8,67,105
2026-04-12 14:44:51.934661,bangalore,30.7,37.0,26.2,420.0,75.0,30.3,10.3,71,75
2026-04-12 14:44:53.222491,kolkata,14.0,18.2,8.6,177.0,48.0,27.3,10.1,95,48
2026-04-12 15:40:41.821596,delhi,39.2,143.4,16.8,479.0,63.0,26.9,4.2,47,128
2026-04-12 15:40:42.718278,mumbai,31.4,103.6,19.7,655.0,63.0,29.0,9.2,81,102
2026-04-12 15:40:43.627042,hyderabad,27.0,30.7,11.0,309.0,104.0,33.6,5.4,67,105
2026-04-12 15:40:44.560008,bangalore,30.7,37.0,26.2,417.0,75.0,29.0,12.2,71,75
2026-04-12 15:40:45.482720,kolkata,14.0,18.2,8.6,228.0,48.0,26.6,9.7,95,48
2026-04-12 15:40:46.440139,chennai,15.4,21.2,5.0,211.0,103.0,28.4,6.6,85,104
2026-04-12 16:47:06.460601,delhi,39.2,143.4,16.8,479.0,63.0,26.0,4.1,45,128
2026-04-12 16:47:07.227961,mumbai,31.4,103.6,19.7,655.0,63.0,29.5,9.2,79,102
2026-04-12 16:47:07.987471,hyderabad,27.0,30.7,11.0,309.0,104.0,32.2,10.2,73,105
2026-04-12 16:47:08.747769,bangalore,30.7,37.0,26.2,417.0,75.0,27.7,9.2,71,75
2026-04-12 16:47:09.506930,kolkata,14.0,18.2,8.6,228.0,48.0,26.9,9.4,94,48
2026-04-12 16:47:10.288629,chennai,15.4,21.2,5.0,211.0,103.0,28.3,6.1,89,104
2026-04-12 17:40:13.131615,delhi,39.2,143.4,16.8,479.0,63.0,25.4,4.1,45,128
2026-04-12 17:40:14.922024,mumbai,31.4,103.6,19.7,655.0,63.0,29.5,7.9,79,102
2026-04-12 17:40:16.310631,hyderabad,27.0,30.7,11.0,309.0,104.0,31.2,10.5,73,105
2026-04-12 17:40:17.529172,bangalore,30.7,37.0,26.2,417.0,75.0,27.0,7.7,71,75
2026-04-12 17:58:28.856565,chennai,15.4,21.2,5.0,211.0,103.0,28.1,5.5,89,104
2026-04-12 18:58:04.478974,delhi,39.2,143.4,16.8,479.0,63.0,24.2,4.5,45,128
2026-04-12 18:58:05.266687,mumbai,31.4,103.6,19.7,655.0,63.0,29.4,6.1,79,102
2026-04-12 18:58:06.058128,hyderabad,27.0,30.7,11.0,309.0,104.0,29.7,6.4,73,105
2026-04-12 18:58:06.919563,bangalore,30.7,37.0,26.2,417.0,75.0,26.0,6.4,71,75
2026-04-12 18:58:07.710074,kolkata,14.0,18.2,8.6,228.0,48.0,26.6,8.0,94,48
2026-04-12 18:58:08.523362,chennai,15.4,21.2,5.0,211.0,103.0,27.9,5.2,89,104
2026-04-12 19:44:38.869922,delhi,39.2,143.4,16.8,479.0,63.0,23.7,3.9,45,128
2026-04-12 19:44:39.681520,mumbai,31.4,103.6,19.7,655.0,63.0,29.2,5.4,79,102
2026-04-12 19:44:40.541253,hyderabad,27.0,30.7,11.0,309.0,104.0,29.2,4.4,73,105
2026-04-12 19:44:41.321661,bangalore,30.7,37.0,26.2,417.0,75.0,25.4,5.0,71,75
2026-04-12 19:44:42.104062,kolkata,14.0,18.2,8.6,228.0,48.0,26.5,7.6,94,48
2026-04-12 19:44:42.888955,chennai,15.4,21.2,5.0,211.0,103.0,27.7,4.7,89,104
2026-04-12 20:42:48.959514,delhi,39.2,143.4,16.8,479.0,63.0,23.1,3.3,45,128
2026-04-12 20:42:50.245898,mumbai,31.4,103.6,19.7,655.0,63.0,29.0,5.4,79,102
2026-04-12 20:42:51.491771,hyderabad,27.0,30.7,11.0,309.0,104.0,28.8,2.6,73,105
2026-04-12 20:42:52.798532,bangalore,30.7,37.0,26.2,417.0,75.0,24.7,3.7,71,75
2026-04-12 20:42:54.044041,kolkata,14.0,18.2,8.6,228.0,48.0,26.3,7.6,94,48
2026-04-12 21:40:37.860993,delhi,39.2,143.4,16.8,479.0,63.0,22.5,3.8,45,128
2026-04-12 21:40:39.023958,mumbai,31.4,103.6,19.7,655.0,63.0,28.8,5.9,79,102
2026-04-12 21:40:40.188635,hyderabad,27.0,30.7,11.0,309.0,104.0,28.3,3.9,73,105
2026-04-12 21:40:41.359296,bangalore,30.7,37.0,26.2,417.0,75.0,24.1,3.4,71,75
2026-04-12 21:40:42.501971,kolkata,14.0,18.2,8.6,228.0,48.0,26.1,8.3,94,48
2026-04-12 21:40:43.643070,chennai,15.4,21.2,5.0,211.0,103.0,27.2,4.5,89,104
2026-04-12 22:40:31.352945,delhi,35.3,83.8,20.0,479.0,53.0,21.6,3.4,45,83
2026-04-12 22:40:32.544821,mumbai,30.9,110.4,15.2,655.0,56.0,28.4,5.5,79,106
2026-04-12 22:40:33.702548,hyderabad,29.2,32.0,10.7,309.0,95.0,28.6,5.9,73,95
2026-04-12 22:40:34.855813,bangalore,30.5,36.6,22.2,417.0,83.0,23.8,2.7,71,83
2026-04-12 22:40:36.046031,kolkata,15.8,20.4,9.8,228.0,44.0,26.4,8.3,94,44
2026-04-12 22:40:37.207209,chennai,12.9,17.8,5.2,211.0,93.0,27.2,3.4,89,93
2026-04-12 23:41:17.870132,delhi,35.3,83.8,20.0,479.0,53.0,21.3,3.3,45,83
2026-04-12 23:41:18.644727,mumbai,30.9,110.4,15.2,655.0,56.0,28.4,3.7,79,106
2026-04-12 23:41:19.424318,hyderabad,29.2,32.0,10.7,309.0,95.0,28.4,6.5,73,95
2026-04-12 23:41:20.226398,bangalore,30.5,36.6,22.2,417.0,83.0,23.2,3.3,71,83
2026-04-12 23:41:20.994453,kolkata,15.8,20.4,9.8,228.0,44.0,26.3,7.6,94,44
2026-04-12 23:41:21.774975,chennai,12.9,17.8,5.2,211.0,93.0,27.0,3.6,89,93
2026-04-13 11:20:37.944295,delhi,56.2,174.6,33.7,594.0,40.0,34.3,9.7,42,149
2026-04-13 11:20:39.018516,mumbai,26.4,60.8,18.0,194.0,68.0,28.3,14.4,82,68
2026-04-13 11:20:40.082441,hyderabad,23.9,29.2,11.8,286.0,93.0,38.9,2.4,65,93
2026-04-13 11:20:41.141749,bangalore,31.3,40.7,17.8,339.0,95.0,35.8,11.6,58,95
2026-04-13 11:20:42.170747,kolkata,18.3,22.9,12.6,205.0,40.0,33.4,9.2,94,40
2026-04-13 11:20:43.253468,chennai,10.9,16.5,7.3,167.0,57.0,32.7,12.2,84,57
2026-04-13 13:51:47.160558,delhi,56.2,174.6,33.7,594.0,40.0,30.4,3.9,42,149
2026-04-13 13:51:48.301559,mumbai,26.4,60.8,18.0,194.0,68.0,28.5,9.7,82,68
2026-04-13 13:51:49.460616,hyderabad,23.9,29.2,11.8,286.0,93.0,35.3,6.9,65,93
2026-04-13 13:51:50.625618,bangalore,31.3,40.7,17.8,339.0,95.0,32.4,9.1,58,95
2026-04-13 13:51:51.756443,kolkata,18.3,22.9,12.6,205.0,40.0,28.4,10.8,94,40
2026-04-13 13:51:52.909420,chennai,10.9,16.5,7.3,167.0,57.0,29.2,8.9,84,57
2026-04-13 15:20:05.861252,delhi,56.2,174.6,33.7,601.0,40.0,28.3,3.9,42,149
2026-04-13 15:37:03.368703,hyderabad,23.9,29.2,11.8,319.0,93.0,32.9,4.3,65,93
2026-04-13 15:37:04.154735,bangalore,31.3,40.7,17.8,332.0,95.0,29.7,11.9,58,95
2026-04-13 15:37:05.037233,kolkata,18.3,22.9,12.6,245.0,40.0,27.3,11.6,94,40
2026-04-13 15:37:05.820045,chennai,10.9,16.5,7.3,172.0,57.0,28.5,7.1,84,57
2026-04-13 17:09:46.074918,delhi,56.2,174.6,33.7,601.0,40.0,26.6,4.1,51,149
2026-04-13 17:09:47.113793,mumbai,26.4,60.8,18.0,446.0,68.0,28.4,5.4,78,68
2026-04-13 17:09:48.283406,hyderabad,23.9,29.2,11.8,319.0,93.0,32.0,5.3,69,93
2026-04-13 17:09:49.357937,bangalore,31.3,40.7,17.8,332.0,95.0,27.6,7.9,66,95
2026-04-13 17:09:50.378003,kolkata,18.3,22.9,12.6,245.0,40.0,27.5,9.8,94,40
2026-04-13 17:09:51.444705,chennai,10.9,16.5,7.3,172.0,57.0,28.3,6.1,88,57
2026-04-13 19:20:47.534168,delhi,56.2,174.6,33.7,601.0,40.0,24.5,4.7,51,149
2026-04-13 19:20:48.701150,mumbai,26.4,60.8,18.0,446.0,68.0,28.1,3.1,78,68
2026-04-13 19:20:49.845591,hyderabad,23.9,29.2,11.8,319.0,93.0,29.9,8.1,69,93
2026-04-13 19:20:50.970295,bangalore,31.3,40.7,17.8,332.0,95.0,25.2,4.7,66,95
2026-04-13 19:20:52.114642,kolkata,18.3,22.9,12.6,245.0,40.0,27.1,9.8,94,40
2026-04-13 19:20:53.241219,chennai,10.9,16.5,7.3,172.0,57.0,27.7,5.1,88,57
2026-04-13 21:01:06.703611,delhi,56.2,174.6,33.7,601.0,40.0,23.3,3.4,51,149
2026-04-13 21:01:07.753763,mumbai,26.4,60.8,18.0,446.0,68.0,28.3,2.9,78,68
2026-04-13 21:01:08.796629,hyderabad,23.9,29.2,11.8,319.0,93.0,28.5,3.0,69,93
2026-04-13 21:01:09.884916,bangalore,31.3,40.7,17.8,332.0,95.0,24.3,4.3,66,95
2026-04-13 21:01:10.959572,kolkata,18.3,22.9,12.6,245.0,40.0,26.9,8.2,94,40
2026-04-13 21:01:12.024759,chennai,10.9,16.5,7.3,172.0,57.0,27.2,4.6,88,57
2026-04-13 22:50:12.369374,delhi,36.6,94.3,24.7,601.0,50.0,22.8,1.1,51,94
2026-04-13 22:50:13.831526,mumbai,25.6,57.3,18.4,446.0,62.0,28.3,0.4,78,62
2026-04-13 22:50:15.041413,hyderabad,25.0,30.3,11.9,319.0,89.0,27.6,3.6,69,89
2026-04-13 22:50:16.074588,bangalore,30.4,36.9,22.5,332.0,82.0,23.2,1.8,66,82
2026-04-13 22:50:17.003790,kolkata,21.6,27.1,15.0,245.0,38.0,27.2,1.1,94,38
2026-04-13 23:51:00.239764,delhi,36.6,94.3,24.7,601.0,50.0,22.5,3.3,51,94
2026-04-13 23:51:01.344667,mumbai,25.6,57.3,18.4,446.0,62.0,28.2,1.3,78,62
2026-04-13 23:51:02.527970,hyderabad,25.0,30.3,11.9,319.0,89.0,27.4,3.5,69,89
2026-04-13 23:51:03.664349,bangalore,30.4,36.9,22.5,332.0,82.0,23.2,1.3,66,82
2026-04-13 23:51:04.769721,kolkata,21.6,27.1,15.0,245.0,38.0,27.1,0.5,94,38
2026-04-13 23:51:05.890460,chennai,9.4,14.3,7.4,172.0,50.0,26.5,3.3,88,50
2026-04-14 12:00:24.260651,delhi,47.6,77.5,36.5,635.0,44.0,35.5,5.7,48,79
2026-04-14 12:00:27.095322,mumbai,31.8,83.6,24.4,266.0,70.0,30.4,18.3,77,83
2026-04-14 12:18:21.835902,bangalore,35.5,42.8,25.3,394.0,85.0,34.8,11.2,62,85
2026-04-14 12:18:22.983858,kolkata,17.5,22.2,7.5,171.0,56.0,31.8,7.2,94,56
2026-04-14 12:18:24.080392,chennai,10.4,16.9,9.9,149.0,43.0,31.8,10.3,93,43
2026-04-14 14:52:42.551965,delhi,47.6,77.5,36.5,635.0,44.0,32.6,3.1,48,79
2026-04-14 14:52:43.756109,mumbai,31.8,83.6,24.4,266.0,70.0,30.3,12.7,77,83
2026-04-14 14:52:44.933571,hyderabad,22.1,29.8,9.9,245.0,92.0,34.1,6.1,55,92
2026-04-14 14:52:46.268112,bangalore,35.5,42.8,25.3,394.0,85.0,30.4,12.1,62,85
2026-04-14 14:52:47.470636,kolkata,17.5,22.2,7.5,171.0,56.0,28.4,11.9,94,56
2026-04-14 14:52:48.659545,chennai,10.4,16.9,9.9,149.0,43.0,29.0,7.0,93,43
2026-04-14 16:12:05.604443,delhi,47.6,77.5,36.5,487.0,44.0,30.5,3.4,48,79
2026-04-14 16:12:06.642761,mumbai,31.8,83.6,24.4,467.0,70.0,30.2,10.0,77,83
2026-04-14 16:12:07.681129,hyderabad,22.1,29.8,9.9,284.0,92.0,32.7,5.6,55,92
2026-04-14 16:12:08.714011,bangalore,35.5,42.8,25.3,313.0,85.0,28.6,11.9,62,85
2026-04-14 16:12:09.750785,kolkata,17.5,22.2,7.5,193.0,56.0,27.5,9.8,94,56
2026-04-14 16:12:10.803182,chennai,10.4,16.9,9.9,152.0,43.0,28.5,6.0,93,43
2026-04-14 18:08:59.174127,delhi,47.6,77.5,36.5,487.0,44.0,29.5,3.7,42,79
2026-04-14 18:08:59.953334,mumbai,31.8,83.6,24.4,467.0,70.0,30.3,9.2,80,83
2026-04-14 18:09:00.738950,hyderabad,22.1,29.8,9.9,284.0,92.0,30.4,6.1,66,92
2026-04-14 18:09:01.571914,bangalore,35.5,42.8,25.3,313.0,85.0,26.4,6.9,54,85
2026-04-14 18:09:02.362813,kolkata,17.5,22.2,7.5,193.0,56.0,27.4,7.4,93,56
2026-04-14 18:09:03.174838,chennai,10.4,16.9,9.9,152.0,43.0,28.3,5.4,92,43
2026-04-14 20:08:24.733908,delhi,47.6,77.5,36.5,487.0,44.0,27.5,3.1,42,79
2026-04-14 20:08:26.066957,mumbai,31.8,83.6,24.4,467.0,70.0,29.7,8.2,80,83
2026-04-14 20:08:27.367201,hyderabad,22.1,29.8,9.9,284.0,92.0,28.7,3.7,66,92
2026-04-14 20:08:28.658349,bangalore,35.5,42.8,25.3,313.0,85.0,24.7,4.7,54,85
2026-04-14 20:08:29.995702,kolkata,17.5,22.2,7.5,193.0,56.0,27.3,8.9,93,56
2026-04-14 21:55:36.885747,delhi,47.6,77.5,36.5,487.0,44.0,26.2,2.2,42,79
2026-04-14 21:55:37.877786,mumbai,31.8,83.6,24.4,467.0,70.0,29.3,7.3,80,83
2026-04-14 21:55:38.911270,hyderabad,22.1,29.8,9.9,284.0,92.0,28.0,3.1,66,92
2026-04-14 21:55:39.983697,bangalore,35.5,42.8,25.3,313.0,85.0,24.1,4.6,54,85
2026-04-14 21:55:41.077449,kolkata,17.5,22.2,7.5,193.0,56.0,26.9,7.9,93,56
2026-04-14 21:55:42.083257,chennai,10.4,16.9,9.9,152.0,43.0,27.7,6.2,92,43
2026-04-14 22:52:08.371384,delhi,58.9,322.2,12.3,487.0,57.0,25.2,3.4,42,272
2026-04-14 22:52:09.427839,mumbai,29.9,68.0,22.9,467.0,74.0,29.2,8.9,80,74
2026-04-14 22:52:10.424009,hyderabad,23.3,28.6,10.1,284.0,94.0,28.1,2.2,66,94
2026-04-14 22:52:11.438819,bangalore,30.6,38.1,20.5,313.0,92.0,23.8,3.5,54,92
2026-04-14 22:52:12.420511,kolkata,16.8,21.7,7.7,193.0,53.0,26.7,8.2,93,53
2026-04-14 22:52:13.413278,chennai,11.6,18.2,8.4,152.0,50.0,27.9,4.7,92,50
2026-04-14 23:49:04.437938,delhi,58.9,322.2,12.3,487.0,57.0,24.6,3.3,42,272
2026-04-14 23:49:05.476021,mumbai,29.9,68.0,22.9,467.0,74.0,28.9,8.8,80,74
2026-04-14 23:49:06.524565,hyderabad,23.3,28.6,10.1,284.0,94.0,27.7,2.9,66,94
2026-04-14 23:49:07.571987,bangalore,30.6,38.1,20.5,313.0,92.0,23.1,4.2,54,92
2026-04-14 23:49:08.661006,kolkata,16.8,21.7,7.7,193.0,53.0,26.7,8.3,93,53
2026-04-14 23:49:09.805723,chennai,11.6,18.2,8.4,152.0,50.0,27.8,5.2,92,50
2026-04-15 11:05:50.211648,delhi,82.2,332.5,15.7,390.0,58.0,38.1,10.7,46,282
2026-04-15 11:05:51.515041,mumbai,29.6,51.6,23.3,240.0,76.0,29.7,13.9,84,76
2026-04-15 11:05:52.830980,hyderabad,26.2,32.4,20.6,340.0,66.0,39.8,4.3,67,66
2026-04-15 11:05:54.207393,bangalore,31.9,37.0,25.6,386.0,79.0,35.8,8.2,55,79
2026-04-15 11:05:55.508769,kolkata,18.1,24.6,7.3,171.0,56.0,33.9,11.3,94,56
2026-04-15 11:05:56.866513,chennai,10.7,16.8,6.9,134.0,50.0,34.5,11.2,92,50
2026-04-15 13:50:49.559519,delhi,82.2,332.5,15.7,390.0,58.0,34.2,2.7,46,282
2026-04-15 13:50:50.752125,mumbai,29.6,51.6,23.3,240.0,76.0,29.9,10.3,84,76
2026-04-15 13:50:51.986604,hyderabad,26.2,32.4,20.6,340.0,66.0,36.0,4.0,67,66
2026-04-15 13:50:53.177770,bangalore,31.9,37.0,25.6,386.0,79.0,32.6,7.7,55,79
2026-04-15 13:50:54.383125,kolkata,18.1,24.6,7.3,171.0,56.0,29.4,11.2,94,56
2026-04-15 13:50:55.577845,chennai,10.7,16.8,6.9,134.0,50.0,29.7,9.3,92,50
2026-04-15 15:10:49.729196,delhi,82.2,332.5,15.7,396.0,58.0,32.7,2.0,46,282
2026-04-15 15:10:51.026692,mumbai,29.6,51.6,23.3,437.0,76.0,29.7,8.2,84,76
2026-04-15 15:10:52.343951,hyderabad,26.2,32.4,20.6,360.0,66.0,34.4,2.4,67,66
2026-04-15 15:10:53.665342,bangalore,31.9,37.0,25.6,714.0,79.0,30.9,9.5,55,79
2026-04-15 15:10:54.932016,kolkata,18.1,24.6,7.3,207.0,56.0,28.5,10.8,94,56
2026-04-15 17:12:13.005821,delhi,82.2,332.5,15.7,396.0,58.0,30.8,2.0,47,282
2026-04-15 17:12:13.809596,mumbai,29.6,51.6,23.3,437.0,76.0,29.7,8.1,76,76
2026-04-15 17:12:14.581416,hyderabad,26.2,32.4,20.6,360.0,66.0,31.6,5.2,69,66
2026-04-15 17:12:15.356887,bangalore,31.9,37.0,25.6,714.0,79.0,28.2,6.7,66,79
2026-04-15 17:12:16.149412,kolkata,18.1,24.6,7.3,207.0,56.0,28.2,10.8,97,56
2026-04-15 17:12:16.940084,chennai,10.7,16.8,6.9,157.0,50.0,29.1,7.9,91,50
2026-04-15 19:25:47.456205,delhi,82.2,332.5,15.7,396.0,58.0,28.9,1.5,47,282
2026-04-15 19:25:48.587492,mumbai,29.6,51.6,23.3,437.0,76.0,29.2,8.2,76,76
2026-04-15 19:25:49.672087,hyderabad,26.2,32.4,20.6,360.0,66.0,29.8,3.7,69,66
2026-04-15 19:25:50.769441,bangalore,31.9,37.0,25.6,714.0,79.0,26.4,4.1,66,79
2026-04-15 19:25:51.881599,kolkata,18.1,24.6,7.3,207.0,56.0,27.7,10.1,97,56
2026-04-15 19:25:52.982900,chennai,10.7,16.8,6.9,157.0,50.0,28.8,6.9,91,50
2026-04-15 20:57:45.421891,delhi,82.2,332.5,15.7,396.0,58.0,27.6,1.4,47,282
2026-04-15 20:57:46.219945,mumbai,29.6,51.6,23.3,437.0,76.0,28.8,8.5,76,76
2026-04-15 20:57:47.024615,hyderabad,26.2,32.4,20.6,360.0,66.0,28.8,2.3,69,66
2026-04-15 20:57:47.829638,bangalore,31.9,37.0,25.6,714.0,79.0,25.5,4.0,66,79
2026-04-15 20:57:48.635183,kolkata,18.1,24.6,7.3,207.0,56.0,27.4,8.4,97,56
2026-04-15 20:57:49.421317,chennai,10.7,16.8,6.9,157.0,50.0,28.4,5.8,91,50
2026-04-15 21:59:39.430950,delhi,82.2,332.5,15.7,396.0,58.0,27.6,2.3,47,282
2026-04-15 21:59:40.236733,mumbai,29.6,51.6,23.3,437.0,76.0,28.2,5.8,76,76
2026-04-15 21:59:41.035204,hyderabad,26.2,32.4,20.6,360.0,66.0,28.0,2.3,69,66
2026-04-15 21:59:41.820073,bangalore,31.9,37.0,25.6,714.0,79.0,25.3,2.9,66,79
2026-04-15 21:59:42.648376,kolkata,18.1,24.6,7.3,207.0,56.0,27.7,8.3,97,56
2026-04-15 21:59:43.449665,chennai,10.7,16.8,6.9,157.0,50.0,28.6,4.9,91,50
2026-04-15 22:55:06.805332,delhi,163.0,838.2,11.7,396.0,66.0,27.1,2.0,47,500
2026-04-15 22:55:07.909183,mumbai,26.6,49.0,20.5,437.0,74.0,28.1,5.2,76,74
2026-04-15 22:55:08.992805,hyderabad,45.8,50.9,38.1,360.0,52.0,27.8,2.6,69,76
2026-04-15 22:55:10.089323,bangalore,36.6,43.3,33.3,714.0,63.0,24.4,3.1,66,63
2026-04-15 22:55:11.186623,kolkata,17.8,23.7,8.1,207.0,51.0,27.6,7.3,97,51
2026-04-15 22:55:12.287494,chennai,11.1,17.8,7.3,157.0,52.0,28.4,4.9,91,52
2026-04-15 23:50:35.517711,delhi,163.0,838.2,11.7,396.0,66.0,26.2,1.8,47,500
2026-04-15 23:50:36.726182,mumbai,26.6,49.0,20.5,437.0,74.0,28.2,4.2,76,74
2026-04-15 23:50:37.946219,hyderabad,45.8,50.9,38.1,360.0,52.0,27.6,3.4,69,76
2026-04-15 23:50:39.148695,bangalore,36.6,43.3,33.3,714.0,63.0,23.4,3.8,66,63
2026-04-15 23:50:40.391474,kolkata,17.8,23.7,8.1,207.0,51.0,27.5,6.6,97,51
2026-04-16 12:01:00.703353,delhi,86.1,427.5,15.5,323.0,60.0,37.3,5.5,41,396
2026-04-16 12:01:01.769002,mumbai,35.7,70.5,21.4,233.0,88.0,29.1,13.8,76,88
2026-04-16 12:01:02.895149,hyderabad,48.8,56.6,39.6,596.0,59.0,36.6,8.0,84,81
2026-04-16 12:01:04.035528,bangalore,33.3,38.6,27.9,445.0,63.0,34.4,13.5,86,63
2026-04-16 12:01:05.067007,kolkata,14.1,17.6,8.1,177.0,56.0,27.7,2.5,97,56
2026-04-16 12:01:06.089427,chennai,10.7,16.1,6.3,139.0,55.0,32.7,11.3,89,55
2026-04-16 14:59:48.921224,delhi,86.1,427.5,15.5,323.0,60.0,31.8,3.8,41,396
2026-04-16 14:59:50.104165,mumbai,35.7,70.5,21.4,233.0,88.0,28.9,9.9,76,88
2026-04-16 14:59:51.275339,hyderabad,48.8,56.6,39.6,596.0,59.0,32.7,7.2,84,81
2026-04-16 14:59:52.496734,bangalore,33.3,38.6,27.9,445.0,63.0,29.8,11.5,86,63
2026-04-16 14:59:53.724528,kolkata,14.1,17.6,8.1,177.0,56.0,27.3,5.0,97,56
2026-04-16 14:59:54.904357,chennai,10.7,16.1,6.3,139.0,55.0,29.7,7.0,89,55
2026-04-16 16:45:56.029005,delhi,86.1,427.5,15.5,350.0,60.0,30.2,3.2,47,396
2026-04-16 16:45:56.968151,mumbai,35.7,70.5,21.4,512.0,88.0,29.0,10.0,78,88
2026-04-16 16:45:57.937452,hyderabad,48.8,56.6,39.6,396.0,59.0,30.6,5.2,89,81
2026-04-16 16:45:58.870432,bangalore,33.3,38.6,27.9,635.0,63.0,27.5,9.2,90,63
2026-04-16 16:45:59.908415,kolkata,14.1,17.6,8.1,260.0,56.0,26.4,4.5,97,56
2026-04-16 16:46:00.968520,chennai,10.7,16.1,6.3,157.0,55.0,29.0,5.4,90,55
2026-04-16 18:10:48.466855,delhi,86.1,427.5,15.5,350.0,60.0,29.2,3.3,47,396
2026-04-16 18:10:49.412024,mumbai,35.7,70.5,21.4,512.0,88.0,29.0,9.2,78,88
2026-04-16 18:10:50.472450,hyderabad,48.8,56.6,39.6,396.0,59.0,29.7,3.7,89,81
2026-04-16 18:10:51.390949,bangalore,33.3,38.6,27.9,635.0,63.0,26.8,7.1,90,63
2026-04-16 18:10:52.307392,kolkata,14.1,17.6,8.1,260.0,56.0,26.2,3.6,97,56
2026-04-16 18:10:53.222266,chennai,10.7,16.1,6.3,157.0,55.0,28.5,4.7,90,55
2026-04-16 20:01:44.095044,delhi,86.1,427.5,15.5,350.0,60.0,27.8,3.1,47,396
2026-04-16 20:01:45.198151,mumbai,35.7,70.5,21.4,512.0,88.0,28.7,4.7,78,88
2026-04-16 20:01:46.291927,hyderabad,48.8,56.6,39.6,396.0,59.0,28.8,2.5,89,81
2026-04-16 20:01:47.406722,bangalore,33.3,38.6,27.9,635.0,63.0,25.5,3.3,90,63
2026-04-16 20:01:48.505381,kolkata,14.1,17.6,8.1,260.0,56.0,25.9,3.6,97,56
2026-04-16 20:01:49.617911,chennai,10.7,16.1,6.3,157.0,55.0,27.8,4.0,90,55
2026-04-16 21:50:54.001219,delhi,86.1,427.5,15.5,350.0,60.0,26.9,3.3,47,396
2026-04-16 21:50:54.770240,mumbai,35.7,70.5,21.4,512.0,88.0,28.2,4.8,78,88
2026-04-16 21:50:55.617107,hyderabad,48.8,56.6,39.6,396.0,59.0,28.2,3.9,89,81
2026-04-16 21:50:56.400596,bangalore,33.3,38.6,27.9,635.0,63.0,24.0,3.7,90,63
2026-04-16 21:50:57.274527,kolkata,14.1,17.6,8.1,260.0,56.0,26.0,2.5,97,56
2026-04-16 21:50:58.045140,chennai,10.7,16.1,6.3,157.0,55.0,27.6,4.8,90,55
2026-04-16 22:49:38.463947,delhi,85.2,435.9,14.7,350.0,59.0,26.5,3.8,47,500
2026-04-16 22:49:39.789267,mumbai,34.9,90.1,21.7,512.0,69.0,27.6,5.0,78,90
2026-04-16 22:49:41.106979,hyderabad,46.7,51.2,37.5,396.0,53.0,28.0,3.6,89,77
2026-04-16 22:49:42.421595,bangalore,32.8,37.0,33.7,635.0,48.0,23.6,3.3,90,54
2026-04-16 22:49:43.816525,kolkata,15.3,18.0,10.5,260.0,49.0,27.0,1.9,97,49
2026-04-16 22:49:45.143112,chennai,10.0,15.4,5.3,157.0,55.0,27.7,4.5,90,55
2026-04-16 23:49:00.805400,delhi,85.2,435.9,14.7,350.0,59.0,25.6,3.7,47,500
2026-04-16 23:49:01.945589,mumbai,34.9,90.1,21.7,512.0,69.0,27.3,6.3,78,90
2026-04-16 23:49:03.096430,hyderabad,46.7,51.2,37.5,396.0,53.0,28.1,5.0,89,77
2026-04-16 23:49:04.235273,bangalore,32.8,37.0,33.7,635.0,48.0,22.7,3.2,90,54
2026-04-16 23:49:05.367413,kolkata,15.3,18.0,10.5,260.0,49.0,27.0,2.1,97,49
2026-04-16 23:49:06.482691,chennai,10.0,15.4,5.3,157.0,55.0,27.7,4.4,90,55
2026-04-17 11:55:02.016044,delhi,99.7,466.6,17.9,400.0,55.0,34.9,6.6,44,500
2026-04-17 11:55:03.064504,mumbai,29.3,66.8,15.1,187.0,81.0,29.8,16.4,75,81
2026-04-17 11:55:04.178585,hyderabad,45.9,50.3,17.4,365.0,83.0,35.0,6.1,75,83
2026-04-17 11:55:05.203512,bangalore,32.1,34.8,29.9,447.0,64.0,34.5,13.6,60,64
2026-04-17 11:55:06.247295,kolkata,22.8,24.8,12.9,307.0,75.0,32.8,4.6,96,75
2026-04-17 11:55:07.305899,chennai,12.2,16.2,9.5,196.0,63.0,32.1,11.2,86,63
2026-04-17 13:42:13.534254,delhi,99.7,466.6,17.9,400.0,55.0,31.9,3.3,44,500
2026-04-17 13:42:14.839565,mumbai,29.3,66.8,15.1,187.0,81.0,30.0,13.8,75,81
2026-04-17 13:42:16.197367,hyderabad,45.9,50.3,17.4,365.0,83.0,33.4,2.5,75,83
2026-04-17 13:42:17.490416,bangalore,32.1,34.8,29.9,447.0,64.0,31.5,8.7,60,64
2026-04-17 13:42:18.781190,kolkata,22.8,24.8,12.9,307.0,75.0,29.9,9.9,96,75
2026-04-17 15:03:50.215267,delhi,99.7,466.6,17.9,400.0,55.0,30.4,2.6,44,500
2026-04-17 15:03:51.256840,mumbai,29.3,66.8,15.1,187.0,81.0,30.1,11.3,75,81
2026-04-17 15:03:52.303538,hyderabad,45.9,50.3,17.4,365.0,83.0,30.9,14.3,75,83
2026-04-17 15:03:53.340042,bangalore,32.1,34.8,29.9,447.0,64.0,29.1,8.2,60,64
2026-04-17 15:03:54.387841,kolkata,22.8,24.8,12.9,307.0,75.0,28.3,8.2,96,75
2026-04-17 15:03:55.440915,chennai,12.2,16.2,9.5,196.0,63.0,29.5,7.6,86,63
2026-04-17 16:58:22.102544,delhi,99.7,466.6,17.9,387.0,55.0,28.6,4.1,48,500
2026-04-17 16:58:22.998789,mumbai,29.3,66.8,15.1,552.0,81.0,30.1,9.7,71,81
2026-04-17 16:58:23.923027,hyderabad,45.9,50.3,17.4,624.0,83.0,29.8,1.5,74,83
2026-04-17 16:58:24.829617,bangalore,32.1,34.8,29.9,458.0,64.0,27.5,9.5,59,64
2026-04-17 16:58:25.759576,kolkata,22.8,24.8,12.9,312.0,75.0,27.7,5.8,97,75
2026-04-17 16:58:26.701380,chennai,12.2,16.2,9.5,183.0,63.0,29.1,6.0,91,63
2026-04-17 17:56:03.329436,delhi,99.7,466.6,17.9,387.0,55.0,28.2,2.5,48,500
2026-04-17 17:56:04.114832,mumbai,29.3,66.8,15.1,552.0,81.0,30.0,7.9,71,81
2026-04-17 17:56:04.905295,hyderabad,45.9,50.3,17.4,624.0,83.0,29.5,3.3,74,83
2026-04-17 17:56:05.703682,bangalore,32.1,34.8,29.9,458.0,64.0,26.7,9.4,59,64
2026-04-17 17:56:06.482440,kolkata,22.8,24.8,12.9,312.0,75.0,27.3,4.8,97,75
2026-04-17 17:56:07.267242,chennai,12.2,16.2,9.5,183.0,63.0,28.7,5.2,91,63
2026-04-17 19:11:48.699455,delhi,99.7,466.6,17.9,387.0,55.0,27.6,2.9,48,500
2026-04-17 19:11:49.609634,mumbai,29.3,66.8,15.1,552.0,81.0,29.9,7.4,71,81
2026-04-17 19:11:50.525483,hyderabad,45.9,50.3,17.4,624.0,83.0,28.6,4.5,74,83
2026-04-17 19:11:51.464977,bangalore,32.1,34.8,29.9,458.0,64.0,25.7,7.8,59,64
2026-04-17 19:11:52.385192,kolkata,22.8,24.8,12.9,312.0,75.0,27.0,4.3,97,75
2026-04-17 19:11:53.412082,chennai,12.2,16.2,9.5,183.0,63.0,28.3,4.7,91,63
2026-04-17 20:53:21.733097,delhi,99.7,466.6,17.9,387.0,55.0,26.6,2.2,48,500
2026-04-17 20:53:22.634863,mumbai,29.3,66.8,15.1,552.0,81.0,29.8,8.8,71,81
2026-04-17 20:53:23.555218,hyderabad,45.9,50.3,17.4,624.0,83.0,28.3,1.8,74,83
2026-04-17 20:53:24.501573,bangalore,32.1,34.8,29.9,458.0,64.0,24.4,4.6,59,64
2026-04-17 20:53:25.472409,kolkata,22.8,24.8,12.9,312.0,75.0,26.9,4.5,97,75
2026-04-17 20:53:26.396617,chennai,12.2,16.2,9.5,183.0,63.0,27.7,3.7,91,63
2026-04-17 21:50:06.551206,delhi,99.7,466.6,17.9,387.0,55.0,26.3,1.5,48,500
2026-04-17 21:50:09.997126,mumbai,29.3,66.8,15.1,552.0,81.0,29.7,9.3,71,81
2026-04-17 22:07:08.401671,bangalore,32.1,34.8,29.9,458.0,64.0,24.3,4.3,59,64
2026-04-17 22:07:09.188039,kolkata,22.8,24.8,12.9,312.0,75.0,26.9,5.1,97,75
2026-04-17 22:07:09.992216,chennai,12.2,16.2,9.5,183.0,63.0,27.9,3.4,91,63
2026-04-17 22:49:04.930835,delhi,102.4,462.9,22.8,387.0,42.0,26.2,2.2,48,500
2026-04-17 22:49:05.945325,mumbai,31.4,68.7,15.3,552.0,98.0,29.7,10.4,71,98
2026-04-17 22:49:06.971805,hyderabad,47.5,52.7,24.4,624.0,72.0,28.2,3.3,74,79
2026-04-17 22:49:07.979998,bangalore,34.8,38.1,35.3,458.0,53.0,23.8,3.8,59,57
2026-04-17 22:49:08.960030,kolkata,23.7,27.2,15.7,312.0,51.0,27.0,4.3,97,51
2026-04-17 22:49:10.002799,chennai,12.5,16.8,7.0,183.0,72.0,27.8,3.9,91,72
2026-04-17 23:45:09.824715,delhi,102.4,462.9,22.8,387.0,42.0,26.0,1.8,48,500
2026-04-17 23:45:11.083194,mumbai,31.4,68.7,15.3,552.0,98.0,29.5,9.8,71,98
2026-04-17 23:45:12.367855,hyderabad,47.5,52.7,24.4,624.0,72.0,28.0,2.3,74,79
2026-04-17 23:45:13.713116,bangalore,34.8,38.1,35.3,458.0,53.0,23.1,3.5,59,57
2026-04-17 23:45:14.967943,kolkata,23.7,27.2,15.7,312.0,51.0,27.0,3.6,97,51
2026-04-18 10:49:28.243028,delhi,80.6,395.8,22.0,497.0,43.0,38.5,5.2,61,357
2026-04-18 10:49:29.024580,mumbai,19.8,36.0,17.4,208.0,67.0,30.2,16.8,74,67
2026-04-18 10:49:29.790378,hyderabad,60.8,66.6,27.0,502.0,83.0,37.6,15.1,48,102
2026-04-18 10:49:30.600689,bangalore,39.2,42.3,34.2,477.0,71.0,35.4,12.2,78,71
2026-04-18 10:49:31.378472,kolkata,32.8,39.9,14.6,301.0,68.0,33.5,10.0,96,68
2026-04-18 10:49:32.247280,chennai,13.4,18.1,7.6,189.0,73.0,33.6,10.7,92,73
2026-04-18 11:39:05.925535,delhi,80.6,395.8,22.0,497.0,43.0,38.0,3.9,61,357
2026-04-18 11:39:07.187605,mumbai,19.8,36.0,17.4,208.0,67.0,30.2,16.8,74,67
2026-04-18 11:39:08.462564,hyderabad,60.8,66.6,27.0,502.0,83.0,36.6,7.8,48,102
2026-04-18 11:39:09.704623,bangalore,39.2,42.3,34.2,477.0,71.0,34.7,12.3,78,71
2026-04-18 11:39:10.964189,kolkata,32.8,39.9,14.6,301.0,68.0,32.4,9.9,96,68
2026-04-18 11:39:12.238055,chennai,13.4,18.1,7.6,189.0,73.0,32.5,10.2,92,73
2026-04-18 13:13:04.094422,delhi,80.6,395.8,22.0,497.0,43.0,35.8,3.1,61,357
2026-04-18 13:13:05.137047,mumbai,19.8,36.0,17.4,208.0,67.0,30.4,15.5,74,67
2026-04-18 13:13:06.144555,hyderabad,60.8,66.6,27.0,502.0,83.0,35.0,9.7,48,102
2026-04-18 13:13:07.212125,bangalore,39.2,42.3,34.2,477.0,71.0,32.6,9.8,78,71
2026-04-18 13:13:08.216718,kolkata,32.8,39.9,14.6,301.0,68.0,30.0,7.2,96,68
2026-04-18 13:13:09.213676,chennai,13.4,18.1,7.6,189.0,73.0,30.4,9.2,92,73
2026-04-18 14:45:40.747737,delhi,80.6,395.8,22.0,497.0,43.0,33.4,1.8,61,357
2026-04-18 14:45:41.536128,mumbai,19.8,36.0,17.4,208.0,67.0,30.5,14.0,74,67
2026-04-18 14:45:42.325376,hyderabad,60.8,66.6,27.0,502.0,83.0,30.8,13.4,48,102
2026-04-18 14:45:43.093209,bangalore,39.2,42.3,34.2,477.0,71.0,29.7,8.7,78,71
2026-04-18 14:45:43.948629,kolkata,32.8,39.9,14.6,301.0,68.0,28.6,9.7,96,68
2026-04-18 14:45:44.714297,chennai,13.4,18.1,7.6,189.0,73.0,29.1,7.0,92,73
2026-04-18 15:42:03.577434,delhi,80.6,395.8,22.0,351.0,43.0,32.7,1.5,61,357
2026-04-18 15:42:04.510119,mumbai,19.8,36.0,17.4,293.0,67.0,30.4,11.9,74,67
2026-04-18 15:42:05.505160,hyderabad,60.8,66.6,27.0,409.0,83.0,30.2,9.7,48,102
2026-04-18 15:42:06.435115,bangalore,39.2,42.3,34.2,452.0,71.0,28.9,9.0,78,71
2026-04-18 15:42:07.366589,kolkata,32.8,39.9,14.6,303.0,68.0,28.2,10.1,96,68
2026-04-18 15:42:08.263658,chennai,13.4,18.1,7.6,208.0,73.0,28.9,6.5,92,73
2026-04-18 16:50:15.492492,delhi,80.6,395.8,22.0,351.0,43.0,32.4,2.5,64,357
2026-04-18 16:50:17.066485,mumbai,19.8,36.0,17.4,293.0,67.0,30.4,8.7,74,67
2026-04-18 16:50:18.407277,hyderabad,60.8,66.6,27.0,409.0,83.0,30.0,3.1,52,102
2026-04-18 16:50:19.716337,bangalore,39.2,42.3,34.2,452.0,71.0,28.0,7.3,78,71
2026-04-18 16:50:20.998560,kolkata,32.8,39.9,14.6,303.0,68.0,27.9,9.5,96,68
2026-04-18 17:40:49.973355,delhi,80.6,395.8,22.0,351.0,43.0,32.1,2.4,64,357
2026-04-18 17:40:50.777196,mumbai,19.8,36.0,17.4,293.0,67.0,30.3,7.1,74,67
2026-04-18 17:40:51.557563,hyderabad,60.8,66.6,27.0,409.0,83.0,29.6,0.5,52,102
2026-04-18 17:40:52.334901,bangalore,39.2,42.3,34.2,452.0,71.0,27.2,6.3,78,71
2026-04-18 17:40:53.093232,kolkata,32.8,39.9,14.6,303.0,68.0,27.8,9.5,96,68
2026-04-18 17:40:53.885363,chennai,13.4,18.1,7.6,208.0,73.0,28.4,5.4,92,73
2026-04-18 18:58:59.490304,delhi,80.6,395.8,22.0,351.0,43.0,32.2,4.7,64,357
2026-04-18 18:59:00.685306,mumbai,19.8,36.0,17.4,293.0,67.0,30.1,7.5,74,67
2026-04-18 18:59:01.882858,hyderabad,60.8,66.6,27.0,409.0,83.0,28.6,1.8,52,102
2026-04-18 18:59:03.087658,bangalore,39.2,42.3,34.2,452.0,71.0,25.9,5.3,78,71
2026-04-18 18:59:04.283516,kolkata,32.8,39.9,14.6,303.0,68.0,27.6,9.0,96,68
2026-04-18 19:47:51.027447,delhi,80.6,395.8,22.0,351.0,43.0,29.9,4.0,64,357
2026-04-18 19:47:51.816282,mumbai,19.8,36.0,17.4,293.0,67.0,30.1,8.4,74,67
2026-04-18 19:47:52.586674,hyderabad,60.8,66.6,27.0,409.0,83.0,27.9,2.6,52,102
2026-04-18 19:47:53.369286,bangalore,39.2,42.3,34.2,452.0,71.0,25.1,4.4,78,71
2026-04-18 19:47:54.144097,kolkata,32.8,39.9,14.6,303.0,68.0,27.4,9.2,96,68
2026-04-18 19:47:54.911189,chennai,13.4,18.1,7.6,208.0,73.0,27.8,4.0,92,73
2026-04-18 20:42:35.989399,delhi,80.6,395.8,22.0,351.0,43.0,28.3,4.0,64,357
2026-04-18 20:42:37.268973,mumbai,19.8,36.0,17.4,293.0,67.0,30.0,8.4,74,67
2026-04-18 20:42:38.542980,hyderabad,60.8,66.6,27.0,409.0,83.0,27.6,3.2,52,102
2026-04-18 20:42:39.840156,bangalore,39.2,42.3,34.2,452.0,71.0,24.6,3.1,78,71
2026-04-18 20:42:41.105869,kolkata,32.8,39.9,14.6,303.0,68.0,27.3,9.1,96,68
2026-04-18 21:41:14.319999,delhi,80.6,395.8,22.0,351.0,43.0,27.3,3.6,64,357
2026-04-18 21:41:15.212656,mumbai,19.8,36.0,17.4,293.0,67.0,29.7,8.6,74,67
2026-04-18 21:41:16.210602,hyderabad,60.8,66.6,27.0,409.0,83.0,27.2,3.4,52,102
2026-04-18 21:41:17.122460,bangalore,39.2,42.3,34.2,452.0,71.0,24.2,1.9,78,71
2026-04-18 21:41:18.022452,kolkata,32.8,39.9,14.6,303.0,68.0,27.2,8.7,96,68
2026-04-18 21:41:18.975306,chennai,13.4,18.1,7.6,208.0,73.0,27.4,3.8,92,73
2026-04-18 22:41:09.027255,delhi,84.5,461.9,14.9,351.0,52.0,28.3,3.3,64,500
2026-04-18 22:41:10.337250,mumbai,23.5,48.7,23.3,293.0,61.0,29.7,6.0,74,61
2026-04-18 22:41:11.620354,hyderabad,51.5,57.4,23.8,409.0,85.0,27.2,3.3,52,85
2026-04-18 22:41:12.904536,bangalore,36.6,39.1,45.8,452.0,41.0,23.7,3.6,78,61
2026-04-18 22:41:14.180749,kolkata,49.9,57.5,20.9,303.0,72.0,27.4,7.2,96,83
2026-04-18 22:41:15.455733,chennai,12.5,16.1,7.1,208.0,67.0,27.7,4.1,92,67
2026-04-18 23:41:03.613369,delhi,84.5,461.9,14.9,351.0,52.0,27.9,2.8,64,500
2026-04-18 23:41:04.791017,mumbai,23.5,48.7,23.3,293.0,61.0,29.6,6.2,74,61
2026-04-18 23:41:05.985117,hyderabad,51.5,57.4,23.8,409.0,85.0,27.1,1.5,52,85
2026-04-18 23:41:07.166293,bangalore,36.6,39.1,45.8,452.0,41.0,23.2,3.2,78,61
2026-04-18 23:41:08.351480,kolkata,49.9,57.5,20.9,303.0,72.0,27.3,5.8,96,83
2026-04-18 23:41:09.553055,chennai,12.5,16.1,7.1,208.0,67.0,27.5,4.2,92,67
2026-04-19 10:45:43.778576,delhi,90.8,380.0,40.3,742.0,17.0,38.4,7.7,73,337
2026-04-19 10:45:44.986962,mumbai,20.0,46.8,10.4,161.0,59.0,29.8,18.2,82,59
2026-04-19 10:45:46.186299,hyderabad,44.8,49.5,16.5,357.0,99.0,37.4,7.4,53,99
2026-04-19 10:45:47.401697,bangalore,34.9,38.6,28.2,414.0,79.0,35.6,10.1,73,79
2026-04-19 10:45:48.602317,kolkata,24.2,28.2,11.5,219.0,54.0,32.8,13.7,95,54
2026-04-19 10:45:49.823577,chennai,9.4,13.0,7.8,155.0,58.0,33.9,12.6,92,58
2026-04-19 11:39:47.123047,delhi,90.8,380.0,40.3,742.0,17.0,37.8,6.4,73,337
2026-04-19 11:39:48.435249,mumbai,20.0,46.8,10.4,161.0,59.0,29.9,16.6,82,59
2026-04-19 11:39:49.706328,hyderabad,44.8,49.5,16.5,357.0,99.0,36.7,8.4,53,99
2026-04-19 11:39:51.004494,bangalore,34.9,38.6,28.2,414.0,79.0,34.9,11.3,73,79
2026-04-19 11:39:52.297977,kolkata,24.2,28.2,11.5,219.0,54.0,31.6,12.5,95,54
2026-04-19 13:12:54.423309,delhi,90.8,380.0,40.3,742.0,17.0,34.7,6.2,73,337
2026-04-19 13:12:55.436060,mumbai,20.0,46.8,10.4,161.0,59.0,30.1,11.3,82,59
2026-04-19 13:12:56.531662,hyderabad,44.8,49.5,16.5,357.0,99.0,30.3,11.2,53,99
2026-04-19 13:12:57.582875,bangalore,34.9,38.6,28.2,414.0,79.0,32.6,8.9,73,79
2026-04-19 13:12:58.604140,kolkata,24.2,28.2,11.5,219.0,54.0,29.4,11.2,95,54
2026-04-19 13:12:59.659521,chennai,9.4,13.0,7.8,155.0,58.0,30.4,10.3,92,58
2026-04-19 14:46:21.999405,delhi,90.8,380.0,40.3,742.0,17.0,30.8,9.4,73,337
2026-04-19 14:46:23.302333,mumbai,20.0,46.8,10.4,161.0,59.0,30.1,7.8,82,59
2026-04-19 14:46:24.594998,hyderabad,44.8,49.5,16.5,357.0,99.0,28.9,1.5,53,99
2026-04-19 14:46:25.948779,bangalore,34.9,38.6,28.2,414.0,79.0,29.5,6.9,73,79
2026-04-19 14:46:27.255516,kolkata,24.2,28.2,11.5,219.0,54.0,28.3,12.2,95,54
2026-04-19 15:41:54.595565,delhi,90.8,380.0,40.3,373.0,17.0,29.5,8.4,73,337
2026-04-19 15:41:55.889429,mumbai,20.0,46.8,10.4,251.0,59.0,30.0,6.5,82,59
2026-04-19 15:41:57.177584,hyderabad,44.8,49.5,16.5,349.0,99.0,28.7,3.4,53,99
2026-04-19 15:41:58.411390,bangalore,34.9,38.6,28.2,351.0,79.0,28.5,6.6,73,79
2026-04-19 15:41:59.698184,kolkata,24.2,28.2,11.5,279.0,54.0,28.1,11.2,95,54
2026-04-19 16:50:12.961396,delhi,90.8,380.0,40.3,373.0,17.0,28.6,5.2,66,337
2026-04-19 16:50:14.806371,mumbai,20.0,46.8,10.4,251.0,59.0,29.7,6.1,74,59
2026-04-19 16:50:16.192833,hyderabad,44.8,49.5,16.5,349.0,99.0,29.2,5.2,58,99
2026-04-19 17:07:11.823240,kolkata,24.2,28.2,11.5,279.0,54.0,28.2,9.0,95,54
2026-04-19 17:07:12.603856,chennai,9.4,13.0,7.8,169.0,58.0,28.8,7.4,88,58
2026-04-19 17:40:06.252254,delhi,90.8,380.0,40.3,373.0,17.0,28.1,4.2,66,337
2026-04-19 17:40:12.171315,mumbai,20.0,46.8,10.4,251.0,59.0,29.6,4.6,74,59
2026-04-19 17:58:31.618873,bangalore,34.9,38.6,28.2,351.0,79.0,26.3,3.9,80,79
2026-04-19 17:58:32.834887,kolkata,24.2,28.2,11.5,279.0,54.0,28.1,9.8,95,54
2026-04-19 17:58:34.059542,chennai,9.4,13.0,7.8,169.0,58.0,28.6,7.1,88,58
2026-04-19 18:59:10.202443,delhi,90.8,380.0,40.3,373.0,17.0,27.3,4.2,66,337
2026-04-19 18:59:11.497223,mumbai,20.0,46.8,10.4,251.0,59.0,29.4,5.6,74,59
2026-04-19 18:59:12.789173,hyderabad,44.8,49.5,16.5,349.0,99.0,28.2,5.8,58,99
2026-04-19 18:59:14.057025,bangalore,34.9,38.6,28.2,351.0,79.0,25.5,2.9,80,79
2026-04-19 18:59:15.347411,kolkata,24.2,28.2,11.5,279.0,54.0,28.0,8.6,95,54
2026-04-19 19:48:14.523117,delhi,90.8,380.0,40.3,373.0,17.0,26.5,4.1,66,337
2026-04-19 19:48:15.304088,mumbai,20.0,46.8,10.4,251.0,59.0,29.4,7.3,74,59
2026-04-19 19:48:16.086472,hyderabad,44.8,49.5,16.5,349.0,99.0,26.2,13.0,58,99
2026-04-19 19:48:16.868725,bangalore,34.9,38.6,28.2,351.0,79.0,24.6,2.6,80,79
2026-04-19 19:48:17.641890,kolkata,24.2,28.2,11.5,279.0,54.0,27.8,7.9,95,54
2026-04-19 19:48:18.410441,chennai,9.4,13.0,7.8,169.0,58.0,28.1,5.4,88,58
2026-04-19 20:44:59.472413,delhi,90.8,380.0,40.3,373.0,17.0,25.8,4.6,66,337
2026-04-19 20:45:00.324949,mumbai,20.0,46.8,10.4,251.0,59.0,29.3,9.4,74,59
2026-04-19 20:45:01.201081,hyderabad,44.8,49.5,16.5,349.0,99.0,25.4,6.6,58,99
2026-04-19 20:45:01.984495,bangalore,34.9,38.6,28.2,351.0,79.0,23.9,1.1,80,79
2026-04-19 20:45:02.778430,kolkata,24.2,28.2,11.5,279.0,54.0,27.6,8.3,95,54
2026-04-19 20:45:03.657534,chennai,9.4,13.0,7.8,169.0,58.0,27.9,5.8,88,58
2026-04-19 21:41:08.253507,delhi,90.8,380.0,40.3,373.0,17.0,24.7,4.8,66,337
2026-04-19 21:41:09.363212,mumbai,20.0,46.8,10.4,251.0,59.0,29.1,8.5,74,59
2026-04-19 21:41:10.470707,hyderabad,44.8,49.5,16.5,349.0,99.0,25.3,6.5,58,99
2026-04-19 21:41:11.577787,bangalore,34.9,38.6,28.2,351.0,79.0,23.3,1.8,80,79
2026-04-19 21:41:12.697848,kolkata,24.2,28.2,11.5,279.0,54.0,27.5,8.6,95,54
2026-04-19 21:41:13.787579,chennai,9.4,13.0,7.8,169.0,58.0,27.6,5.2,88,58
2026-04-19 22:41:28.419111,delhi,90.6,407.9,26.0,373.0,34.0,24.6,5.6,66,372
2026-04-19 22:41:29.496812,mumbai,19.7,44.7,12.5,251.0,64.0,28.8,8.1,74,64
2026-04-19 22:41:30.582204,hyderabad,38.8,43.7,15.6,349.0,101.0,25.9,7.5,58,101
2026-04-19 22:41:31.657768,bangalore,32.5,36.2,22.3,351.0,89.0,23.4,2.8,80,89
2026-04-19 22:41:32.742118,kolkata,25.6,29.3,13.0,279.0,50.0,27.7,8.1,95,50
2026-04-19 22:41:33.819466,chennai,8.8,12.4,7.7,169.0,45.0,27.4,4.2,88,45
2026-04-19 23:42:18.614725,delhi,90.6,407.9,26.0,373.0,34.0,23.8,5.6,66,372
2026-04-19 23:42:19.389416,mumbai,19.7,44.7,12.5,251.0,64.0,28.7,5.7,74,64
2026-04-19 23:42:20.157676,hyderabad,38.8,43.7,15.6,349.0,101.0,25.8,5.5,58,101
2026-04-19 23:42:20.922237,bangalore,32.5,36.2,22.3,351.0,89.0,22.8,3.1,80,89
2026-04-19 23:42:21.686976,kolkata,25.6,29.3,13.0,279.0,50.0,27.6,8.4,95,50
2026-04-19 23:42:22.453128,chennai,8.8,12.4,7.7,169.0,45.0,27.3,4.6,88,45
2026-04-20 11:22:00.579219,delhi,103.6,516.0,14.7,299.0,59.0,38.2,10.9,49,500
2026-04-20 11:22:01.423884,mumbai,25.2,61.2,16.8,202.0,54.0,28.6,16.6,82,61
2026-04-20 11:22:02.203056,hyderabad,27.3,32.9,14.4,315.0,86.0,37.9,2.3,55,86
2026-04-20 11:22:02.993175,bangalore,25.9,28.5,18.9,324.0,90.0,34.5,7.7,78,90
2026-04-20 11:22:03.782085,kolkata,23.7,27.9,12.0,229.0,55.0,31.8,12.1,89,55
2026-04-20 11:22:04.566364,chennai,8.9,12.7,7.1,137.0,49.0,33.1,12.8,88,49
2026-04-20 13:54:18.937639,delhi,103.6,516.0,14.7,299.0,59.0,33.4,5.9,49,500
2026-04-20 13:54:20.223017,mumbai,25.2,61.2,16.8,202.0,54.0,28.6,13.8,82,61
2026-04-20 13:54:21.530920,hyderabad,27.3,32.9,14.4,315.0,86.0,33.4,4.8,55,86
2026-04-20 13:54:22.786459,bangalore,25.9,28.5,18.9,324.0,90.0,30.9,4.1,78,90
2026-04-20 13:54:24.069650,kolkata,23.7,27.9,12.0,229.0,55.0,29.2,6.9,89,55
2026-04-20 15:20:12.464884,delhi,103.6,516.0,14.7,537.0,59.0,30.7,5.4,49,500
2026-04-20 15:20:14.269961,mumbai,25.2,61.2,16.8,401.0,54.0,28.5,6.9,82,61
2026-04-20 15:20:15.675644,hyderabad,27.3,32.9,14.4,249.0,86.0,31.5,2.5,55,86
2026-04-20 15:37:11.701192,kolkata,23.7,27.9,12.0,212.0,55.0,28.5,12.3,89,55
2026-04-20 15:37:12.475737,chennai,8.9,12.7,7.1,172.0,49.0,29.2,8.9,88,49
2026-04-20 17:10:52.664142,delhi,103.6,516.0,14.7,537.0,59.0,28.8,5.6,49,500
2026-04-20 17:10:53.946582,mumbai,25.2,61.2,16.8,401.0,54.0,28.7,4.6,81,61
2026-04-20 17:10:55.226355,hyderabad,27.3,32.9,14.4,249.0,86.0,29.8,2.3,53,86
2026-04-20 17:10:56.704146,bangalore,25.9,28.5,18.9,286.0,90.0,27.0,6.0,64,90
2026-04-20 17:10:58.006355,kolkata,23.7,27.9,12.0,212.0,55.0,28.6,10.1,89,55
2026-04-20 17:10:59.273098,chennai,8.9,12.7,7.1,172.0,49.0,29.2,8.4,88,49
2026-04-20 19:14:12.381812,delhi,103.6,516.0,14.7,537.0,59.0,26.9,4.4,49,500
2026-04-20 19:14:13.449837,mumbai,25.2,61.2,16.8,401.0,54.0,28.6,5.6,81,61
2026-04-20 19:14:14.501612,hyderabad,27.3,32.9,14.4,249.0,86.0,28.2,3.1,53,86
2026-04-20 19:14:15.527271,bangalore,25.9,28.5,18.9,286.0,90.0,25.6,3.6,64,90
2026-04-20 19:14:16.566366,kolkata,23.7,27.9,12.0,212.0,55.0,28.2,9.8,89,55
2026-04-20 19:14:17.587300,chennai,8.9,12.7,7.1,172.0,49.0,28.6,4.8,88,49
2026-04-20 20:55:01.541378,delhi,103.6,516.0,14.7,537.0,59.0,25.3,4.6,49,500
2026-04-20 20:55:02.874300,mumbai,25.2,61.2,16.8,401.0,54.0,28.3,6.2,81,61
2026-04-20 20:55:04.117539,hyderabad,27.3,32.9,14.4,249.0,86.0,27.4,2.5,53,86
2026-04-20 20:55:05.416202,bangalore,25.9,28.5,18.9,286.0,90.0,24.7,4.0,64,90
2026-04-20 20:55:06.763542,kolkata,23.7,27.9,12.0,212.0,55.0,27.8,8.5,89,55
2026-04-20 20:55:08.048558,chennai,8.9,12.7,7.1,172.0,49.0,28.2,3.9,88,49
2026-04-20 21:52:58.919295,delhi,103.6,516.0,14.7,537.0,59.0,24.4,5.9,49,500
2026-04-20 21:52:59.813763,mumbai,25.2,61.2,16.8,401.0,54.0,28.2,6.8,81,61
2026-04-20 21:53:00.734329,hyderabad,27.3,32.9,14.4,249.0,86.0,26.6,2.2,53,86
2026-04-20 21:53:01.646408,bangalore,25.9,28.5,18.9,286.0,90.0,24.1,4.0,64,90
2026-04-20 21:53:02.533684,kolkata,23.7,27.9,12.0,212.0,55.0,27.6,8.5,89,55
2026-04-20 21:53:03.460343,chennai,8.9,12.7,7.1,172.0,49.0,28.1,4.2,88,49
2026-04-20 22:51:45.060980,delhi,108.0,566.2,14.5,537.0,54.0,24.7,4.4,49,500
2026-04-20 22:51:45.993488,mumbai,19.4,43.8,14.4,401.0,60.0,28.4,7.6,81,60
2026-04-20 22:51:46.887139,hyderabad,38.1,44.4,17.7,249.0,100.0,26.0,4.0,53,100
2026-04-20 22:51:47.781527,bangalore,29.9,37.3,20.9,286.0,85.0,23.7,4.2,64,85
2026-04-20 22:51:48.696736,kolkata,25.8,31.3,13.9,212.0,45.0,27.4,7.6,89,45
2026-04-20 22:51:49.600170,chennai,9.0,13.1,7.4,172.0,48.0,28.3,3.3,88,48
2026-04-20 23:50:49.862997,delhi,108.0,566.2,14.5,537.0,54.0,24.1,3.9,49,500
2026-04-20 23:50:50.785820,mumbai,19.4,43.8,14.4,401.0,60.0,28.3,6.8,81,60
2026-04-20 23:50:51.694156,hyderabad,38.1,44.4,17.7,249.0,100.0,25.5,2.8,53,100
2026-04-20 23:50:52.599231,bangalore,29.9,37.3,20.9,286.0,85.0,23.0,4.0,64,85
2026-04-20 23:50:53.497292,kolkata,25.8,31.3,13.9,212.0,45.0,27.3,7.6,89,45
2026-04-20 23:50:54.406228,chennai,9.0,13.1,7.4,172.0,48.0,28.1,3.3,88,48
2026-04-21 12:02:08.638233,delhi,105.0,459.1,15.8,318.0,53.0,37.0,10.5,50,500
2026-04-21 12:02:09.978212,mumbai,36.9,115.5,27.2,267.0,43.0,30.3,17.6,81,110
2026-04-21 12:02:11.420523,hyderabad,25.7,31.8,13.6,273.0,85.0,34.7,13.0,51,85
2026-04-21 12:02:12.794403,bangalore,33.1,38.3,20.8,363.0,87.0,34.9,10.8,84,87
2026-04-21 12:02:14.146241,kolkata,17.0,22.1,8.0,166.0,53.0,32.4,13.8,86,53
2026-04-21 14:48:59.773920,delhi,105.0,459.1,15.8,318.0,53.0,32.1,5.4,50,500
2026-04-21 14:49:00.579818,mumbai,36.9,115.5,27.2,267.0,43.0,29.9,16.8,81,110
2026-04-21 14:49:01.377375,hyderabad,25.7,31.8,13.6,273.0,85.0,30.2,7.2,51,85
2026-04-21 14:49:02.222560,bangalore,33.1,38.3,20.8,363.0,87.0,29.8,7.6,84,87
2026-04-21 14:49:02.991258,kolkata,17.0,22.1,8.0,166.0,53.0,29.0,11.0,86,53
2026-04-21 14:49:03.763208,chennai,10.2,16.7,6.2,127.0,43.0,29.4,8.4,90,43
2026-04-21 16:13:42.925550,delhi,105.0,459.1,15.8,334.0,53.0,30.6,5.2,50,500
2026-04-21 16:13:44.150635,mumbai,36.9,115.5,27.2,521.0,43.0,29.8,14.4,81,110
2026-04-21 16:13:45.421273,hyderabad,25.7,31.8,13.6,281.0,85.0,28.6,7.2,51,85
2026-04-21 16:13:46.779211,bangalore,33.1,38.3,20.8,288.0,87.0,28.3,8.1,84,87
2026-04-21 16:13:47.985337,kolkata,17.0,22.1,8.0,211.0,53.0,28.3,10.5,86,53
2026-04-21 18:01:47.521599,delhi,105.0,459.1,15.8,334.0,53.0,29.2,3.8,51,500
2026-04-21 18:01:48.846560,mumbai,36.9,115.5,27.2,521.0,43.0,29.7,9.9,84,110
2026-04-21 18:01:50.176012,hyderabad,25.7,31.8,13.6,281.0,85.0,28.1,4.0,58,85
2026-04-21 18:01:51.459284,bangalore,33.1,38.3,20.8,288.0,87.0,26.3,5.3,82,87
2026-04-21 18:01:52.785200,kolkata,17.0,22.1,8.0,211.0,53.0,28.2,10.5,87,53
2026-04-21 20:05:53.015153,delhi,105.0,459.1,15.8,334.0,53.0,27.6,3.7,51,500
2026-04-21 20:05:53.842178,mumbai,36.9,115.5,27.2,521.0,43.0,29.5,7.8,84,110
2026-04-21 20:05:54.634101,hyderabad,25.7,31.8,13.6,281.0,85.0,27.8,3.5,58,85
2026-04-21 20:05:55.417813,bangalore,33.1,38.3,20.8,288.0,87.0,24.6,3.5,82,87
2026-04-21 20:05:56.213358,kolkata,17.0,22.1,8.0,211.0,53.0,27.9,5.8,87,53
2026-04-21 20:05:56.988125,chennai,10.2,16.7,6.2,153.0,43.0,29.0,6.1,90,43
2026-04-21 21:50:32.234681,delhi,105.0,459.1,15.8,334.0,53.0,26.1,4.4,51,500
2026-04-21 21:50:33.032072,mumbai,36.9,115.5,27.2,521.0,43.0,29.2,5.4,84,110
2026-04-21 21:50:33.815106,hyderabad,25.7,31.8,13.6,281.0,85.0,27.1,3.3,58,85
2026-04-21 21:50:34.603765,bangalore,33.1,38.3,20.8,288.0,87.0,23.7,2.3,82,87
2026-04-21 21:50:35.391270,kolkata,17.0,22.1,8.0,211.0,53.0,27.8,6.6,87,53
2026-04-21 21:50:36.185922,chennai,10.2,16.7,6.2,153.0,43.0,28.3,3.8,90,43
2026-04-21 22:42:12.264662,delhi,140.2,745.1,12.3,334.0,58.0,25.5,4.3,51,500
2026-04-21 22:42:13.042714,mumbai,25.7,74.7,19.0,521.0,49.0,29.2,5.1,84,74
2026-04-21 22:42:13.820841,hyderabad,29.7,36.3,14.0,281.0,88.0,27.0,5.7,58,88
2026-04-21 22:42:14.595645,bangalore,35.5,40.7,22.9,288.0,82.0,23.5,2.6,82,82
2026-04-21 22:42:15.365001,kolkata,19.2,23.1,9.2,211.0,53.0,27.8,6.5,87,53
2026-04-21 22:42:16.159250,chennai,10.2,17.6,6.3,153.0,44.0,28.4,3.5,90,44
2026-04-21 23:40:09.838021,delhi,140.2,745.1,12.3,334.0,58.0,24.9,4.3,51,500
2026-04-21 23:40:11.450981,mumbai,25.7,74.7,19.0,521.0,49.0,29.1,3.6,84,74
2026-04-21 23:40:12.688703,hyderabad,29.7,36.3,14.0,281.0,88.0,26.5,5.0,58,88
2026-04-21 23:57:09.186723,kolkata,19.2,23.1,9.2,211.0,53.0,27.7,7.0,87,53
2026-04-21 23:57:09.966684,chennai,10.2,17.6,6.3,153.0,44.0,28.2,3.8,90,44
2026-04-22 12:01:19.884133,delhi,105.0,480.6,20.8,376.0,50.0,38.2,9.5,60,500
2026-04-22 12:01:20.860475,mumbai,35.5,105.7,20.6,224.0,55.0,29.7,16.6,82,103
2026-04-22 12:01:21.853610,hyderabad,22.5,27.3,8.3,224.0,87.0,35.2,17.9,56,87
2026-04-22 12:01:22.843014,bangalore,33.1,36.8,25.6,417.0,73.0,34.6,12.3,83,73
2026-04-22 12:01:23.856516,kolkata,14.6,20.4,6.0,157.0,53.0,33.2,9.9,89,53
2026-04-22 12:01:24.923263,chennai,16.8,25.6,7.2,179.0,53.0,32.4,10.1,88,53
2026-04-22 14:48:58.905161,delhi,105.0,480.6,20.8,376.0,50.0,33.1,4.2,60,500
2026-04-22 14:48:59.737217,mumbai,35.5,105.7,20.6,224.0,55.0,29.7,12.6,82,103
2026-04-22 14:49:00.542543,hyderabad,22.5,27.3,8.3,224.0,87.0,31.5,6.6,56,87
2026-04-22 14:49:01.318788,bangalore,33.1,36.8,25.6,417.0,73.0,29.5,9.1,83,73
2026-04-22 14:49:02.110097,kolkata,14.6,20.4,6.0,157.0,53.0,29.5,10.7,89,53
2026-04-22 14:49:02.885552,chennai,16.8,25.6,7.2,179.0,53.0,29.3,7.6,88,53
2026-04-22 16:11:54.099373,delhi,105.0,480.6,20.8,391.0,50.0,31.7,4.0,60,500
2026-04-22 16:11:55.478355,mumbai,35.5,105.7,20.6,369.0,55.0,29.6,9.9,82,103
2026-04-22 16:11:56.803611,hyderabad,22.5,27.3,8.3,292.0,87.0,30.3,5.7,56,87
2026-04-22 16:11:58.131821,bangalore,33.1,36.8,25.6,395.0,73.0,27.8,9.3,83,73
2026-04-22 16:11:59.436707,kolkata,14.6,20.4,6.0,194.0,53.0,28.7,8.5,89,53
2026-04-22 18:02:48.459440,delhi,105.0,480.6,20.8,391.0,50.0,29.6,4.2,58,500
2026-04-22 18:02:49.237542,mumbai,35.5,105.7,20.6,369.0,55.0,29.6,6.8,83,103
2026-04-22 18:02:50.037677,hyderabad,22.5,27.3,8.3,292.0,87.0,27.9,3.7,62,87
2026-04-22 18:02:50.891417,bangalore,33.1,36.8,25.6,395.0,73.0,25.8,6.1,88,73
2026-04-22 18:02:51.663729,kolkata,14.6,20.4,6.0,194.0,53.0,28.0,6.9,92,53
2026-04-22 18:02:52.438119,chennai,16.8,25.6,7.2,169.0,53.0,28.8,5.8,88,53
2026-04-22 20:08:14.327237,delhi,105.0,480.6,20.8,391.0,50.0,28.2,4.0,58,500
2026-04-22 20:08:15.256968,mumbai,35.5,105.7,20.6,369.0,55.0,29.3,6.3,83,103
2026-04-22 20:08:16.165772,hyderabad,22.5,27.3,8.3,292.0,87.0,27.3,2.9,62,87
2026-04-22 20:08:17.079192,bangalore,33.1,36.8,25.6,395.0,73.0,24.5,2.6,88,73
2026-04-22 20:08:17.999922,kolkata,14.6,20.4,6.0,194.0,53.0,27.6,6.8,92,53
2026-04-22 20:08:18.983730,chennai,16.8,25.6,7.2,169.0,53.0,28.5,4.7,88,53
2026-04-22 21:54:33.409945,delhi,105.0,480.6,20.8,391.0,50.0,26.4,4.6,58,500
2026-04-22 21:54:34.217834,mumbai,35.5,105.7,20.6,369.0,55.0,29.2,8.4,83,103
2026-04-22 21:54:35.000814,hyderabad,22.5,27.3,8.3,292.0,87.0,27.0,2.5,62,87
2026-04-22 21:54:35.792184,bangalore,33.1,36.8,25.6,395.0,73.0,23.7,0.4,88,73
2026-04-22 21:54:36.571832,kolkata,14.6,20.4,6.0,194.0,53.0,27.3,5.5,92,53
2026-04-22 21:54:37.367848,chennai,16.8,25.6,7.2,169.0,53.0,28.1,4.0,88,53
2026-04-22 22:52:58.545909,delhi,105.0,480.6,20.8,391.0,50.0,26.3,4.7,58,500
2026-04-22 22:52:59.844951,mumbai,35.5,105.7,20.6,369.0,55.0,29.1,8.4,83,103
2026-04-22 22:53:01.166878,hyderabad,22.5,27.3,8.3,292.0,87.0,27.6,2.0,62,87
2026-04-22 22:53:02.529255,bangalore,33.1,36.8,25.6,395.0,73.0,23.5,1.6,88,73
2026-04-22 22:53:03.805961,kolkata,14.6,20.4,6.0,194.0,53.0,27.4,5.0,92,53
2026-04-22 23:51:10.435569,delhi,108.3,542.0,17.0,391.0,47.0,25.9,4.7,58,500
2026-04-22 23:51:11.497880,mumbai,37.4,105.2,21.1,369.0,62.0,29.0,7.6,83,103
2026-04-22 23:51:12.504758,hyderabad,22.5,25.8,9.9,292.0,84.0,27.0,3.9,62,84
2026-04-22 23:51:13.547202,bangalore,35.3,40.3,25.9,395.0,66.0,23.1,0.5,88,66
2026-04-22 23:51:14.644737,kolkata,16.0,21.0,6.4,194.0,56.0,27.3,6.0,92,56
2026-04-22 23:51:15.651010,chennai,15.9,24.2,7.0,169.0,52.0,28.3,3.3,88,52
2026-04-23 12:01:29.382876,delhi,85.0,405.1,16.2,268.0,63.0,38.8,6.3,66,368
2026-04-23 12:01:30.220427,mumbai,34.1,95.2,17.9,193.0,53.0,29.9,17.9,81,95
2026-04-23 12:01:31.074849,hyderabad,30.5,33.3,12.6,339.0,78.0,32.7,2.7,63,78
2026-04-23 12:01:31.914327,bangalore,29.5,31.2,22.8,461.0,54.0,34.4,11.2,87,54
2026-04-23 12:01:32.752319,kolkata,20.2,24.4,5.0,193.0,65.0,33.5,8.4,91,65
2026-04-23 12:01:33.603133,chennai,10.4,15.4,4.5,164.0,57.0,32.7,10.8,84,57
2026-04-23 15:16:40.648368,delhi,85.0,405.1,16.2,225.0,63.0,34.5,2.0,66,368
2026-04-23 15:16:41.564155,mumbai,34.1,95.2,17.9,403.0,53.0,30.0,12.0,81,95
2026-04-23 15:16:42.489297,hyderabad,30.5,33.3,12.6,305.0,78.0,30.7,2.2,63,78
2026-04-23 15:16:43.519883,bangalore,29.5,31.2,22.8,391.0,54.0,28.9,9.6,87,54
2026-04-23 15:16:44.448282,kolkata,20.2,24.4,5.0,208.0,65.0,29.2,9.7,91,65
2026-04-23 15:16:45.351829,chennai,10.4,15.4,4.5,177.0,57.0,29.6,7.3,84,57
2026-04-23 17:25:21.673260,delhi,85.0,405.1,16.2,225.0,63.0,33.5,3.8,64,368
2026-04-23 17:25:22.610032,mumbai,34.1,95.2,17.9,403.0,53.0,29.8,12.5,82,95
2026-04-23 17:25:23.517816,hyderabad,30.5,33.3,12.6,305.0,78.0,29.7,3.2,70,78
2026-04-23 17:25:24.432046,bangalore,29.5,31.2,22.8,391.0,54.0,26.8,7.5,87,54
2026-04-23 17:25:25.353309,kolkata,20.2,24.4,5.0,208.0,65.0,28.5,5.9,92,65
2026-04-23 17:25:26.267069,chennai,10.4,15.4,4.5,177.0,57.0,29.4,6.2,83,57
2026-04-23 19:19:37.631696,delhi,85.0,405.1,16.2,225.0,63.0,31.2,3.6,64,368
2026-04-23 19:19:38.940062,mumbai,34.1,95.2,17.9,403.0,53.0,29.4,14.3,82,95
2026-04-23 19:19:40.266743,hyderabad,30.5,33.3,12.6,305.0,78.0,28.4,3.9,70,78
2026-04-23 19:19:41.550158,bangalore,29.5,31.2,22.8,391.0,54.0,25.5,3.3,87,54
2026-04-23 19:19:42.872535,kolkata,20.2,24.4,5.0,208.0,65.0,28.1,6.5,92,65
2026-04-23 20:57:41.430030,delhi,85.0,405.1,16.2,225.0,63.0,30.2,2.7,64,368
2026-04-23 20:57:42.195921,mumbai,34.1,95.2,17.9,403.0,53.0,29.1,13.4,82,95
2026-04-23 20:57:42.954238,hyderabad,30.5,33.3,12.6,305.0,78.0,28.2,1.5,70,78
2026-04-23 20:57:43.746326,bangalore,29.5,31.2,22.8,391.0,54.0,24.9,2.3,87,54
2026-04-23 20:57:44.505485,kolkata,20.2,24.4,5.0,208.0,65.0,27.9,6.9,92,65
2026-04-23 20:57:45.285193,chennai,10.4,15.4,4.5,177.0,57.0,28.8,5.0,83,57
2026-04-23 21:55:21.527418,delhi,85.0,405.1,16.2,225.0,63.0,29.1,3.8,64,368
2026-04-23 21:55:22.661746,mumbai,34.1,95.2,17.9,403.0,53.0,28.9,11.3,82,95
2026-04-23 21:55:23.774408,hyderabad,30.5,33.3,12.6,305.0,78.0,27.2,3.8,70,78
2026-04-23 21:55:24.868319,bangalore,29.5,31.2,22.8,391.0,54.0,24.7,1.9,87,54
2026-04-23 21:55:26.002077,kolkata,20.2,24.4,5.0,208.0,65.0,27.7,6.6,92,65
2026-04-23 21:55:27.117271,chennai,10.4,15.4,4.5,177.0,57.0,28.5,5.0,83,57
2026-04-23 22:53:27.331219,delhi,153.2,666.8,18.5,225.0,46.0,28.8,3.7,64,500
2026-04-23 22:53:28.539638,mumbai,29.0,91.3,16.2,403.0,55.0,28.9,10.1,82,91
2026-04-23 22:53:29.778328,hyderabad,31.7,34.5,13.5,305.0,76.0,25.8,4.1,70,76
2026-04-23 22:53:30.968291,bangalore,31.1,33.9,26.8,391.0,44.0,23.9,2.1,87,51
2026-04-23 22:53:32.150457,kolkata,18.8,23.2,5.1,208.0,68.0,27.8,5.8,92,68
2026-04-23 23:53:11.650865,delhi,153.2,666.8,18.5,225.0,46.0,27.5,3.1,64,500
2026-04-23 23:53:12.421626,mumbai,29.0,91.3,16.2,403.0,55.0,28.8,8.7,82,91
2026-04-23 23:53:13.211837,hyderabad,31.7,34.5,13.5,305.0,76.0,25.6,3.2,70,76
2026-04-23 23:53:14.072898,bangalore,31.1,33.9,26.8,391.0,44.0,23.5,2.1,87,51
2026-04-23 23:53:14.845514,kolkata,18.8,23.2,5.1,208.0,68.0,27.7,3.6,92,68
2026-04-23 23:53:15.610582,chennai,11.2,15.9,4.6,177.0,54.0,27.9,3.9,83,54
2026-04-24 11:10:26.150516,delhi,100.4,393.0,30.4,451.0,41.0,40.6,9.4,75,353
2026-04-24 11:10:27.340302,mumbai,28.0,68.7,13.0,182.0,56.0,30.2,15.3,75,68
2026-04-24 11:10:28.487618,hyderabad,35.7,40.7,12.8,359.0,85.0,38.0,10.7,48,85
2026-04-24 11:10:29.758005,bangalore,32.7,35.5,24.0,456.0,58.0,35.0,10.5,92,58
2026-04-24 11:10:30.892278,kolkata,17.9,22.4,7.5,211.0,59.0,34.7,8.0,95,59
2026-04-24 11:10:32.020029,chennai,11.8,15.4,5.6,180.0,87.0,34.6,11.8,76,87
